/* Witchspace's window icon, made by tools/make_icon.py from assets/icon.png: do not edit. */
#define ICON_SIZE 64
static const unsigned char icon_rgba[16384] = {
    0x00, 0x00, 0x00, 0x00, 0x00, 0x00, 0x00, 0x00, 0x00, 0x00, 0x00, 0x00, 0x00, 0x00, 0x00, 0x00,
    0x00, 0x00, 0x00, 0x00, 0x00, 0x00, 0x00, 0x00, 0x00, 0x00, 0x00, 0x00, 0x00, 0x00, 0x00, 0x00,
    0x00, 0x00, 0x00, 0x00, 0x00, 0x00, 0x00, 0x00, 0x00, 0x00, 0x00, 0x00, 0x00, 0x00, 0x00, 0x00,
    0x00, 0x00, 0x00, 0x00, 0x00, 0x00, 0x00, 0x00, 0x00, 0x00, 0x00, 0x00, 0x00, 0x00, 0x00, 0x00,
    0x00, 0x00, 0x00, 0x00, 0x00, 0x00, 0x00, 0x00, 0x00, 0x00, 0x00, 0x00, 0x00, 0x00, 0x00, 0x00,
    0x00, 0x00, 0x00, 0x00, 0x00, 0x00, 0x00, 0x00, 0x00, 0x00, 0x00, 0x00, 0x00, 0x00, 0x00, 0x00,
    0x00, 0x00, 0x00, 0x00, 0x00, 0x00, 0x00, 0x00, 0x00, 0x00, 0x00, 0x00, 0x00, 0x00, 0x00, 0x00,
    0x00, 0x00, 0x00, 0x00, 0x00, 0x00, 0x00, 0x00, 0x00, 0x00, 0x00, 0x00, 0x00, 0x00, 0x00, 0x00,
    0x00, 0x00, 0x00, 0x00, 0x00, 0x00, 0x00, 0x00, 0x00, 0x00, 0x00, 0x00, 0x00, 0x00, 0x00, 0x00,
    0x00, 0x00, 0x00, 0x00, 0x00, 0x00, 0x00, 0x00, 0x00, 0x00, 0x00, 0x00, 0x00, 0x00, 0x00, 0x00,
    0x00, 0x00, 0x00, 0x00, 0x00, 0x00, 0x00, 0x00, 0x00, 0x00, 0x00, 0x00, 0x00, 0x00, 0x00, 0x00,
    0x00, 0x00, 0x00, 0x00, 0x00, 0x00, 0x00, 0x00, 0x00, 0x00, 0x00, 0x00, 0x00, 0x00, 0x00, 0x00,
    0x00, 0x00, 0x00, 0x00, 0x00, 0x00, 0x00, 0x00, 0x00, 0x00, 0x00, 0x00, 0x00, 0x00, 0x00, 0x00,
    0x00, 0x00, 0x00, 0x00, 0x00, 0x00, 0x00, 0x00, 0x00, 0x00, 0x00, 0x00, 0x00, 0x00, 0x00, 0x00,
    0x00, 0x00, 0x00, 0x00, 0x00, 0x00, 0x00, 0x00, 0x00, 0x00, 0x00, 0x00, 0x00, 0x00, 0x00, 0x00,
    0x00, 0x00, 0x00, 0x00, 0x00, 0x00, 0x00, 0x00, 0x00, 0x00, 0x00, 0x00, 0x00, 0x00, 0x00, 0x00,
    0x00, 0x00, 0x00, 0x00, 0x00, 0x00, 0x00, 0x00, 0x00, 0x00, 0x00, 0x00, 0x00, 0x00, 0x00, 0x00,
    0x00, 0x00, 0x00, 0x00, 0x00, 0x00, 0x00, 0x00, 0x00, 0x00, 0x00, 0x00, 0x00, 0x00, 0x00, 0x00,
    0x00, 0x00, 0x00, 0x00, 0x00, 0x00, 0x00, 0x00, 0x00, 0x00, 0x00, 0x00, 0x00, 0x00, 0x00, 0x00,
    0x00, 0x00, 0x00, 0x00, 0x00, 0x00, 0x00, 0x00, 0x00, 0x00, 0x00, 0x00, 0x00, 0x00, 0x00, 0x00,
    0x00, 0x00, 0x00, 0x00, 0x00, 0x00, 0x00, 0x00, 0x00, 0x00, 0x00, 0x00, 0x00, 0x00, 0x00, 0x00,
    0x00, 0x00, 0x00, 0x00, 0x00, 0x00, 0x00, 0x00, 0x00, 0x00, 0x00, 0x00, 0x00, 0x00, 0x00, 0x00,
    0x00, 0x00, 0x00, 0x00, 0x00, 0x00, 0x00, 0x00, 0x00, 0x00, 0x00, 0x00, 0x00, 0x00, 0x00, 0x00,
    0x00, 0x00, 0x00, 0x00, 0x00, 0x00, 0x00, 0x00, 0x00, 0x00, 0x00, 0x00, 0x00, 0x00, 0x00, 0x00,
    0x00, 0x00, 0x00, 0x00, 0x00, 0x00, 0x00, 0x00, 0x00, 0x00, 0x00, 0x00, 0x00, 0x00, 0x00, 0x00,
    0x00, 0x00, 0x00, 0x00, 0x00, 0x00, 0x00, 0x00, 0x00, 0x00, 0x00, 0x00, 0x00, 0x00, 0x00, 0x00,
    0x00, 0x00, 0x00, 0x00, 0x00, 0x00, 0x00, 0x00, 0x00, 0x00, 0x00, 0x00, 0x00, 0x00, 0x00, 0x00,
    0x00, 0x00, 0x00, 0x00, 0x00, 0x00, 0x00, 0x00, 0x00, 0x00, 0x00, 0x00, 0x00, 0x00, 0x00, 0x00,
    0x00, 0x00, 0x00, 0x00, 0x00, 0x00, 0x00, 0x00, 0x00, 0x00, 0x00, 0x00, 0x00, 0x00, 0x00, 0x00,
    0x00, 0x00, 0x00, 0x00, 0x00, 0x00, 0x00, 0x00, 0x00, 0x00, 0x00, 0x00, 0x00, 0x00, 0x00, 0x00,
    0x00, 0x00, 0x00, 0x00, 0x00, 0x00, 0x00, 0x00, 0x00, 0x00, 0x00, 0x00, 0x00, 0x00, 0x00, 0x00,
    0x00, 0x00, 0x00, 0x00, 0x00, 0x00, 0x00, 0x00, 0x00, 0x00, 0x00, 0x00, 0x00, 0x00, 0x00, 0x00,
    0x00, 0x00, 0x00, 0x00, 0x00, 0x00, 0x00, 0x00, 0x00, 0x00, 0x00, 0x00, 0x00, 0x00, 0x00, 0x00,
    0x00, 0x00, 0x00, 0x00, 0x00, 0x00, 0x00, 0x00, 0x00, 0x00, 0x00, 0x00, 0x00, 0x00, 0x00, 0x00,
    0x00, 0x00, 0x00, 0x00, 0x00, 0x00, 0x00, 0x00, 0x00, 0x00, 0x00, 0x00, 0x00, 0x00, 0x00, 0x00,
    0x00, 0x00, 0x00, 0x00, 0x00, 0x00, 0x00, 0x00, 0x00, 0x00, 0x00, 0x00, 0x00, 0x00, 0x00, 0x00,
    0x00, 0x00, 0x00, 0x00, 0x00, 0x00, 0x00, 0x00, 0x00, 0x00, 0x00, 0x00, 0x00, 0x00, 0x00, 0x00,
    0x00, 0x00, 0x00, 0x00, 0x00, 0x00, 0x00, 0x00, 0x00, 0x00, 0x00, 0x00, 0x00, 0x00, 0x00, 0x00,
    0x00, 0x00, 0x00, 0x00, 0x00, 0x00, 0x00, 0x00, 0x00, 0x00, 0x00, 0x00, 0x00, 0x00, 0x00, 0x00,
    0x00, 0x00, 0x00, 0x00, 0x00, 0x00, 0x00, 0x00, 0x00, 0x00, 0x00, 0x00, 0x00, 0x00, 0x00, 0x00,
    0x00, 0x00, 0x00, 0x00, 0x00, 0x00, 0x00, 0x00, 0x00, 0x00, 0x00, 0x00, 0x00, 0x00, 0x00, 0x00,
    0x00, 0x00, 0x00, 0x00, 0x00, 0x00, 0x00, 0x00, 0x00, 0x00, 0x00, 0x00, 0x00, 0x00, 0x00, 0x00,
    0x00, 0x00, 0x00, 0x00, 0x00, 0x00, 0x00, 0x00, 0x00, 0x00, 0x00, 0x00, 0x00, 0x00, 0x00, 0x00,
    0x00, 0x00, 0x00, 0x00, 0x00, 0x00, 0x00, 0x00, 0x00, 0x00, 0x00, 0x00, 0x00, 0x00, 0x00, 0x00,
    0x00, 0x00, 0x00, 0x00, 0x00, 0x00, 0x00, 0x00, 0x00, 0x00, 0x00, 0x00, 0x00, 0x00, 0x00, 0x00,
    0x00, 0x00, 0x00, 0x00, 0x00, 0x00, 0x00, 0x00, 0x00, 0x00, 0x00, 0x00, 0x00, 0x00, 0x00, 0x00,
    0x00, 0x00, 0x00, 0x00, 0x00, 0x00, 0x00, 0x00, 0x00, 0x00, 0x00, 0x00, 0x00, 0x00, 0x00, 0x00,
    0x00, 0x00, 0x00, 0x00, 0x00, 0x00, 0x00, 0x00, 0x00, 0x00, 0x00, 0x00, 0x00, 0x00, 0x00, 0x00,
    0x00, 0x00, 0x00, 0x00, 0x00, 0x00, 0x00, 0x00, 0x00, 0x00, 0x00, 0x00, 0x00, 0x00, 0x00, 0x00,
    0x00, 0x00, 0x00, 0x00, 0x00, 0x00, 0x00, 0x00, 0x00, 0x00, 0x00, 0x00, 0x00, 0x00, 0x00, 0x00,
    0x00, 0x00, 0x00, 0x00, 0x00, 0x00, 0x00, 0x00, 0x00, 0x00, 0x00, 0x00, 0x00, 0x00, 0x00, 0x00,
    0x00, 0x00, 0x00, 0x00, 0x00, 0x00, 0x00, 0x00, 0x00, 0x00, 0x00, 0x00, 0x00, 0x00, 0x00, 0x00,
    0x00, 0x00, 0x00, 0x00, 0x00, 0x00, 0x00, 0x00, 0x00, 0x00, 0x00, 0x00, 0x00, 0x00, 0x00, 0x00,
    0x00, 0x00, 0x00, 0x00, 0x00, 0x00, 0x00, 0x00, 0x00, 0x00, 0x00, 0x00, 0x00, 0x00, 0x00, 0x00,
    0x00, 0x00, 0x00, 0x00, 0x00, 0x00, 0x00, 0x00, 0x00, 0x00, 0x00, 0x00, 0x00, 0x00, 0x00, 0x00,
    0x00, 0x00, 0x00, 0x00, 0x00, 0x00, 0x00, 0x00, 0x00, 0x00, 0x00, 0x00, 0x00, 0x00, 0x00, 0x00,
    0x00, 0x00, 0x00, 0x00, 0x00, 0x00, 0x00, 0x00, 0x00, 0x00, 0x00, 0x00, 0x00, 0x00, 0x00, 0x00,
    0x00, 0x00, 0x00, 0x00, 0x00, 0x00, 0x00, 0x00, 0x00, 0x00, 0x00, 0x00, 0x00, 0x00, 0x00, 0x00,
    0x00, 0x00, 0x00, 0x00, 0x00, 0x00, 0x00, 0x00, 0x00, 0x00, 0x00, 0x00, 0x00, 0x00, 0x00, 0x00,
    0x00, 0x00, 0x00, 0x00, 0x00, 0x00, 0x00, 0x00, 0x00, 0x00, 0x00, 0x00, 0x00, 0x00, 0x00, 0x00,
    0x00, 0x00, 0x00, 0x00, 0x00, 0x00, 0x00, 0x00, 0x00, 0x00, 0x00, 0x00, 0x00, 0x00, 0x00, 0x00,
    0x00, 0x00, 0x00, 0x00, 0x00, 0x00, 0x00, 0x00, 0x00, 0x00, 0x00, 0x00, 0x00, 0x00, 0x00, 0x00,
    0x00, 0x00, 0x00, 0x00, 0x00, 0x00, 0x00, 0x00, 0x00, 0x00, 0x00, 0x00, 0x00, 0x00, 0x00, 0x00,
    0x00, 0x00, 0x00, 0x00, 0x00, 0x00, 0x00, 0x00, 0x00, 0x00, 0x00, 0x00, 0x00, 0x00, 0x00, 0x00,
    0x00, 0x00, 0x00, 0x00, 0x00, 0x00, 0x00, 0x00, 0x00, 0x00, 0x00, 0x00, 0x00, 0x00, 0x00, 0x00,
    0x00, 0x00, 0x00, 0x00, 0x00, 0x00, 0x00, 0x00, 0x00, 0x00, 0x00, 0x00, 0x00, 0x00, 0x00, 0x00,
    0x00, 0x00, 0x00, 0x00, 0x00, 0x00, 0x00, 0x00, 0x00, 0x00, 0x00, 0x00, 0x00, 0x00, 0x00, 0x00,
    0x00, 0x00, 0x00, 0x00, 0x00, 0x00, 0x00, 0x00, 0x00, 0x00, 0x00, 0x00, 0x00, 0x00, 0x00, 0x00,
    0x00, 0x00, 0x00, 0x00, 0x00, 0x00, 0x00, 0x00, 0x00, 0x00, 0x00, 0x00, 0x00, 0x00, 0x00, 0x00,
    0x00, 0x00, 0x00, 0x00, 0x00, 0x00, 0x00, 0x00, 0x00, 0x00, 0x00, 0x00, 0x00, 0x00, 0x00, 0x00,
    0x00, 0x00, 0x00, 0x00, 0x00, 0x00, 0x00, 0x00, 0x00, 0x00, 0x00, 0x00, 0x00, 0x00, 0x00, 0x00,
    0x00, 0x00, 0x00, 0x00, 0x00, 0x00, 0x00, 0x00, 0x00, 0x00, 0x00, 0x00, 0x06, 0x2e, 0x14, 0x02,
    0x06, 0x2e, 0x14, 0x03, 0x00, 0x00, 0x00, 0x00, 0x00, 0x00, 0x00, 0x00, 0x00, 0x00, 0x00, 0x00,
    0x00, 0x00, 0x00, 0x00, 0x00, 0x00, 0x00, 0x00, 0x00, 0x00, 0x00, 0x00, 0x00, 0x00, 0x00, 0x00,
    0x00, 0x00, 0x00, 0x00, 0x00, 0x00, 0x00, 0x00, 0x00, 0x00, 0x00, 0x00, 0x00, 0x00, 0x00, 0x00,
    0x00, 0x00, 0x00, 0x00, 0x00, 0x00, 0x00, 0x00, 0x00, 0x00, 0x00, 0x00, 0x00, 0x00, 0x00, 0x00,
    0x00, 0x00, 0x00, 0x00, 0x00, 0x00, 0x00, 0x00, 0x00, 0x00, 0x00, 0x00, 0x00, 0x00, 0x00, 0x00,
    0x00, 0x00, 0x00, 0x00, 0x00, 0x00, 0x00, 0x00, 0x00, 0x00, 0x00, 0x00, 0x00, 0x00, 0x00, 0x00,
    0x00, 0x00, 0x00, 0x00, 0x00, 0x00, 0x00, 0x00, 0x00, 0x00, 0x00, 0x00, 0x00, 0x00, 0x00, 0x00,
    0x00, 0x00, 0x00, 0x00, 0x00, 0x00, 0x00, 0x00, 0x00, 0x00, 0x00, 0x00, 0x00, 0x00, 0x00, 0x00,
    0x00, 0x00, 0x00, 0x00, 0x00, 0x00, 0x00, 0x00, 0x00, 0x00, 0x00, 0x00, 0x00, 0x00, 0x00, 0x00,
    0x00, 0x00, 0x00, 0x00, 0x00, 0x00, 0x00, 0x00, 0x00, 0x00, 0x00, 0x00, 0x00, 0x00, 0x00, 0x00,
    0x00, 0x00, 0x00, 0x00, 0x00, 0x00, 0x00, 0x00, 0x00, 0x00, 0x00, 0x00, 0x00, 0x00, 0x00, 0x00,
    0x00, 0x00, 0x00, 0x00, 0x00, 0x00, 0x00, 0x00, 0x00, 0x00, 0x00, 0x00, 0x00, 0x00, 0x00, 0x00,
    0x00, 0x00, 0x00, 0x00, 0x00, 0x00, 0x00, 0x00, 0x00, 0x00, 0x00, 0x00, 0x00, 0x00, 0x00, 0x00,
    0x00, 0x00, 0x00, 0x00, 0x00, 0x00, 0x00, 0x00, 0x00, 0x00, 0x00, 0x00, 0x00, 0x00, 0x00, 0x00,
    0x00, 0x00, 0x00, 0x00, 0x00, 0x00, 0x00, 0x00, 0x00, 0x00, 0x00, 0x00, 0x00, 0x00, 0x00, 0x00,
    0x00, 0x00, 0x00, 0x00, 0x00, 0x00, 0x00, 0x00, 0x00, 0x00, 0x00, 0x00, 0x00, 0x00, 0x00, 0x00,
    0x00, 0x00, 0x00, 0x00, 0x00, 0x00, 0x00, 0x00, 0x00, 0x00, 0x00, 0x00, 0x00, 0x00, 0x00, 0x00,
    0x00, 0x00, 0x00, 0x00, 0x00, 0x00, 0x00, 0x00, 0x00, 0x00, 0x00, 0x00, 0x00, 0x00, 0x00, 0x00,
    0x00, 0x00, 0x00, 0x00, 0x00, 0x00, 0x00, 0x00, 0x00, 0x00, 0x00, 0x00, 0x00, 0x00, 0x00, 0x00,
    0x00, 0x00, 0x00, 0x00, 0x00, 0x00, 0x00, 0x00, 0x00, 0x00, 0x00, 0x00, 0x00, 0x00, 0x00, 0x00,
    0x00, 0x00, 0x00, 0x00, 0x00, 0x00, 0x00, 0x00, 0x00, 0x00, 0x00, 0x00, 0x00, 0x00, 0x00, 0x00,
    0x00, 0x00, 0x00, 0x00, 0x00, 0x00, 0x00, 0x00, 0x00, 0x00, 0x00, 0x00, 0x00, 0x00, 0x00, 0x00,
    0x00, 0x00, 0x00, 0x00, 0x00, 0x00, 0x00, 0x00, 0x00, 0x00, 0x00, 0x00, 0x00, 0x00, 0x00, 0x00,
    0x00, 0x00, 0x00, 0x00, 0x00, 0x00, 0x00, 0x00, 0x00, 0x00, 0x00, 0x00, 0x00, 0x00, 0x00, 0x00,
    0x00, 0x00, 0x00, 0x00, 0x00, 0x00, 0x00, 0x00, 0x00, 0x00, 0x00, 0x00, 0x00, 0x00, 0x00, 0x00,
    0x00, 0x00, 0x00, 0x00, 0x00, 0x00, 0x00, 0x00, 0x00, 0x00, 0x00, 0x00, 0x00, 0x00, 0x00, 0x00,
    0x00, 0x00, 0x00, 0x00, 0x00, 0x00, 0x00, 0x00, 0x00, 0x00, 0x00, 0x00, 0x00, 0x00, 0x00, 0x00,
    0x00, 0x00, 0x00, 0x00, 0x00, 0x00, 0x00, 0x00, 0x00, 0x00, 0x00, 0x00, 0x00, 0x00, 0x00, 0x00,
    0x00, 0x00, 0x00, 0x00, 0x00, 0x00, 0x00, 0x00, 0x00, 0x00, 0x00, 0x00, 0x00, 0x00, 0x00, 0x00,
    0x00, 0x00, 0x00, 0x00, 0x00, 0x00, 0x00, 0x00, 0x00, 0x00, 0x00, 0x00, 0x00, 0x00, 0x00, 0x00,
    0x00, 0x00, 0x00, 0x00, 0x00, 0x00, 0x00, 0x00, 0x00, 0x00, 0x00, 0x00, 0x00, 0x00, 0x00, 0x00,
    0x00, 0x00, 0x00, 0x00, 0x06, 0x2e, 0x14, 0x03, 0x00, 0x01, 0x00, 0x08, 0x24, 0x84, 0x49, 0xdc,
    0x28, 0x8d, 0x48, 0xe4, 0x06, 0x2e, 0x14, 0x1f, 0x06, 0x2e, 0x14, 0x02, 0x06, 0x2e, 0x14, 0x01,
    0x00, 0x00, 0x00, 0x00, 0x00, 0x00, 0x00, 0x00, 0x00, 0x00, 0x00, 0x00, 0x00, 0x00, 0x00, 0x00,
    0x00, 0x00, 0x00, 0x00, 0x00, 0x00, 0x00, 0x00, 0x00, 0x00, 0x00, 0x00, 0x00, 0x00, 0x00, 0x00,
    0x00, 0x00, 0x00, 0x00, 0x00, 0x00, 0x00, 0x00, 0x00, 0x00, 0x00, 0x00, 0x00, 0x00, 0x00, 0x00,
    0x00, 0x00, 0x00, 0x00, 0x00, 0x00, 0x00, 0x00, 0x00, 0x00, 0x00, 0x00, 0x00, 0x00, 0x00, 0x00,
    0x00, 0x00, 0x00, 0x00, 0x00, 0x00, 0x00, 0x00, 0x00, 0x00, 0x00, 0x00, 0x00, 0x00, 0x00, 0x00,
    0x00, 0x00, 0x00, 0x00, 0x00, 0x00, 0x00, 0x00, 0x00, 0x00, 0x00, 0x00, 0x00, 0x00, 0x00, 0x00,
    0x00, 0x00, 0x00, 0x00, 0x00, 0x00, 0x00, 0x00, 0x00, 0x00, 0x00, 0x00, 0x00, 0x00, 0x00, 0x00,
    0x00, 0x00, 0x00, 0x00, 0x00, 0x00, 0x00, 0x00, 0x00, 0x00, 0x00, 0x00, 0x00, 0x00, 0x00, 0x00,
    0x00, 0x00, 0x00, 0x00, 0x00, 0x00, 0x00, 0x00, 0x00, 0x00, 0x00, 0x00, 0x00, 0x00, 0x00, 0x00,
    0x00, 0x00, 0x00, 0x00, 0x00, 0x00, 0x00, 0x00, 0x00, 0x00, 0x00, 0x00, 0x00, 0x00, 0x00, 0x00,
    0x00, 0x00, 0x00, 0x00, 0x00, 0x00, 0x00, 0x00, 0x00, 0x00, 0x00, 0x00, 0x00, 0x00, 0x00, 0x00,
    0x00, 0x00, 0x00, 0x00, 0x00, 0x00, 0x00, 0x00, 0x00, 0x00, 0x00, 0x00, 0x00, 0x00, 0x00, 0x00,
    0x00, 0x00, 0x00, 0x00, 0x00, 0x00, 0x00, 0x00, 0x00, 0x00, 0x00, 0x00, 0x00, 0x00, 0x00, 0x00,
    0x00, 0x00, 0x00, 0x00, 0x00, 0x00, 0x00, 0x00, 0x00, 0x00, 0x00, 0x00, 0x00, 0x00, 0x00, 0x00,
    0x06, 0x2e, 0x14, 0x03, 0x00, 0x00, 0x00, 0x00, 0x31, 0xe0, 0x7f, 0xff, 0x4b, 0xff, 0x9e, 0xff,
    0x51, 0xff, 0x9e, 0xff, 0x42, 0xff, 0x98, 0xff, 0x00, 0x02, 0x01, 0x0f, 0x06, 0x2e, 0x14, 0x04,
    0x00, 0x00, 0x00, 0x00, 0x00, 0x00, 0x00, 0x00, 0x00, 0x00, 0x00, 0x00, 0x00, 0x00, 0x00, 0x00,
    0x00, 0x00, 0x00, 0x00, 0x00, 0x00, 0x00, 0x00, 0x00, 0x00, 0x00, 0x00, 0x00, 0x00, 0x00, 0x00,
    0x00, 0x00, 0x00, 0x00, 0x00, 0x00, 0x00, 0x00, 0x00, 0x00, 0x00, 0x00, 0x00, 0x00, 0x00, 0x00,
    0x00, 0x00, 0x00, 0x00, 0x00, 0x00, 0x00, 0x00, 0x00, 0x00, 0x00, 0x00, 0x00, 0x00, 0x00, 0x00,
    0x00, 0x00, 0x00, 0x00, 0x00, 0x00, 0x00, 0x00, 0x00, 0x00, 0x00, 0x00, 0x00, 0x00, 0x00, 0x00,
    0x00, 0x00, 0x00, 0x00, 0x00, 0x00, 0x00, 0x00, 0x00, 0x00, 0x00, 0x00, 0x00, 0x00, 0x00, 0x00,
    0x00, 0x00, 0x00, 0x00, 0x00, 0x00, 0x00, 0x00, 0x00, 0x00, 0x00, 0x00, 0x00, 0x00, 0x00, 0x00,
    0x00, 0x00, 0x00, 0x00, 0x00, 0x00, 0x00, 0x00, 0x00, 0x00, 0x00, 0x00, 0x00, 0x00, 0x00, 0x00,
    0x00, 0x00, 0x00, 0x00, 0x00, 0x00, 0x00, 0x00, 0x00, 0x00, 0x00, 0x00, 0x00, 0x00, 0x00, 0x00,
    0x00, 0x00, 0x00, 0x00, 0x00, 0x00, 0x00, 0x00, 0x00, 0x00, 0x00, 0x00, 0x00, 0x00, 0x00, 0x00,
    0x00, 0x00, 0x00, 0x00, 0x00, 0x00, 0x00, 0x00, 0x00, 0x00, 0x00, 0x00, 0x00, 0x00, 0x00, 0x00,
    0x00, 0x00, 0x00, 0x00, 0x00, 0x00, 0x00, 0x00, 0x00, 0x00, 0x00, 0x00, 0x00, 0x00, 0x00, 0x00,
    0x00, 0x00, 0x00, 0x00, 0x00, 0x00, 0x00, 0x00, 0x00, 0x00, 0x00, 0x00, 0x00, 0x00, 0x00, 0x00,
    0x06, 0x2e, 0x14, 0x03, 0x06, 0x2e, 0x14, 0x02, 0x00, 0x00, 0x00, 0x00, 0x06, 0x2e, 0x14, 0x03,
    0x00, 0x00, 0x00, 0x00, 0x43, 0xf8, 0x8f, 0xff, 0x51, 0xff, 0xc6, 0xff, 0x32, 0xed, 0x7e, 0xff,
    0x2e, 0xeb, 0x7e, 0xff, 0x48, 0xff, 0xb9, 0xff, 0x42, 0xff, 0x8f, 0xff, 0x00, 0x00, 0x00, 0x00,
    0x06, 0x2e, 0x14, 0x03, 0x00, 0x00, 0x00, 0x00, 0x06, 0x2e, 0x14, 0x02, 0x06, 0x2e, 0x14, 0x04,
    0x00, 0x00, 0x00, 0x00, 0x00, 0x00, 0x00, 0x00, 0x00, 0x00, 0x00, 0x00, 0x00, 0x00, 0x00, 0x00,
    0x00, 0x00, 0x00, 0x00, 0x00, 0x00, 0x00, 0x00, 0x00, 0x00, 0x00, 0x00, 0x00, 0x00, 0x00, 0x00,
    0x00, 0x00, 0x00, 0x00, 0x00, 0x00, 0x00, 0x00, 0x00, 0x00, 0x00, 0x00, 0x00, 0x00, 0x00, 0x00,
    0x00, 0x00, 0x00, 0x00, 0x00, 0x00, 0x00, 0x00, 0x00, 0x00, 0x00, 0x00, 0x00, 0x00, 0x00, 0x00,
    0x00, 0x00, 0x00, 0x00, 0x00, 0x00, 0x00, 0x00, 0x00, 0x00, 0x00, 0x00, 0x00, 0x00, 0x00, 0x00,
    0x00, 0x00, 0x00, 0x00, 0x00, 0x00, 0x00, 0x00, 0x00, 0x00, 0x00, 0x00, 0x00, 0x00, 0x00, 0x00,
    0x00, 0x00, 0x00, 0x00, 0x00, 0x00, 0x00, 0x00, 0x00, 0x00, 0x00, 0x00, 0x00, 0x00, 0x00, 0x00,
    0x00, 0x00, 0x00, 0x00, 0x00, 0x00, 0x00, 0x00, 0x00, 0x00, 0x00, 0x00, 0x00, 0x00, 0x00, 0x00,
    0x00, 0x00, 0x00, 0x00, 0x00, 0x00, 0x00, 0x00, 0x00, 0x00, 0x00, 0x00, 0x00, 0x00, 0x00, 0x00,
    0x00, 0x00, 0x00, 0x00, 0x00, 0x00, 0x00, 0x00, 0x00, 0x00, 0x00, 0x00, 0x00, 0x00, 0x00, 0x00,
    0x00, 0x00, 0x00, 0x00, 0x00, 0x00, 0x00, 0x00, 0x00, 0x00, 0x00, 0x00, 0x00, 0x00, 0x00, 0x00,
    0x00, 0x00, 0x00, 0x00, 0x00, 0x00, 0x00, 0x00, 0x00, 0x00, 0x00, 0x00, 0x00, 0x00, 0x00, 0x00,
    0x00, 0x00, 0x00, 0x00, 0x00, 0x00, 0x00, 0x00, 0x06, 0x2e, 0x14, 0x06, 0x06, 0x2e, 0x14, 0x04,
    0x0d, 0x3a, 0x1c, 0x66, 0x6d, 0xff, 0xc4, 0xff, 0x58, 0xff, 0x99, 0xff, 0x32, 0xeb, 0x7c, 0xff,
    0x2a, 0xd9, 0x6d, 0xff, 0x35, 0xf9, 0x8b, 0xff, 0x50, 0xff, 0xb2, 0xff, 0x0c, 0x48, 0x20, 0x8e,
    0x06, 0x2e, 0x14, 0x03, 0x06, 0x2e, 0x14, 0x06, 0x00, 0x00, 0x00, 0x00, 0x00, 0x00, 0x00, 0x00,
    0x00, 0x00, 0x00, 0x00, 0x00, 0x00, 0x00, 0x00, 0x00, 0x00, 0x00, 0x00, 0x00, 0x00, 0x00, 0x00,
    0x00, 0x00, 0x00, 0x00, 0x00, 0x00, 0x00, 0x00, 0x00, 0x00, 0x00, 0x00, 0x00, 0x00, 0x00, 0x00,
    0x00, 0x00, 0x00, 0x00, 0x00, 0x00, 0x00, 0x00, 0x00, 0x00, 0x00, 0x00, 0x00, 0x00, 0x00, 0x00,
    0x00, 0x00, 0x00, 0x00, 0x00, 0x00, 0x00, 0x00, 0x00, 0x00, 0x00, 0x00, 0x00, 0x00, 0x00, 0x00,
    0x00, 0x00, 0x00, 0x00, 0x00, 0x00, 0x00, 0x00, 0x00, 0x00, 0x00, 0x00, 0x00, 0x00, 0x00, 0x00,
    0x00, 0x00, 0x00, 0x00, 0x00, 0x00, 0x00, 0x00, 0x00, 0x00, 0x00, 0x00, 0x00, 0x00, 0x00, 0x00,
    0x00, 0x00, 0x00, 0x00, 0x00, 0x00, 0x00, 0x00, 0x00, 0x00, 0x00, 0x00, 0x00, 0x00, 0x00, 0x00,
    0x00, 0x00, 0x00, 0x00, 0x00, 0x00, 0x00, 0x00, 0x00, 0x00, 0x00, 0x00, 0x00, 0x00, 0x00, 0x00,
    0x00, 0x00, 0x00, 0x00, 0x00, 0x00, 0x00, 0x00, 0x00, 0x00, 0x00, 0x00, 0x00, 0x00, 0x00, 0x00,
    0x00, 0x00, 0x00, 0x00, 0x00, 0x00, 0x00, 0x00, 0x00, 0x00, 0x00, 0x00, 0x00, 0x00, 0x00, 0x00,
    0x00, 0x00, 0x00, 0x00, 0x00, 0x00, 0x00, 0x00, 0x00, 0x00, 0x00, 0x00, 0x00, 0x00, 0x00, 0x00,
    0x00, 0x00, 0x00, 0x00, 0x00, 0x00, 0x00, 0x00, 0x06, 0x2e, 0x14, 0x01, 0x00, 0x00, 0x00, 0x00,
    0x41, 0x9c, 0x54, 0xf2, 0x1d, 0x60, 0x30, 0xb6, 0x00, 0x00, 0x00, 0x00, 0x00, 0x00, 0x00, 0x00,
    0x47, 0xde, 0x85, 0xff, 0x58, 0xff, 0xb6, 0xff, 0x4c, 0xff, 0xa1, 0xff, 0x50, 0xff, 0xac, 0xff,
    0x4e, 0xff, 0xae, 0xff, 0x48, 0xff, 0xa7, 0xff, 0x4c, 0xff, 0xaf, 0xff, 0x35, 0xf3, 0x72, 0xff,
    0x00, 0x00, 0x00, 0x00, 0x00, 0x00, 0x00, 0x00, 0x12, 0x3f, 0x1f, 0x79, 0x37, 0xa7, 0x57, 0xf9,
    0x06, 0x2e, 0x14, 0x09, 0x00, 0x00, 0x00, 0x00, 0x00, 0x00, 0x00, 0x00, 0x00, 0x00, 0x00, 0x00,
    0x00, 0x00, 0x00, 0x00, 0x00, 0x00, 0x00, 0x00, 0x00, 0x00, 0x00, 0x00, 0x00, 0x00, 0x00, 0x00,
    0x00, 0x00, 0x00, 0x00, 0x00, 0x00, 0x00, 0x00, 0x00, 0x00, 0x00, 0x00, 0x00, 0x00, 0x00, 0x00,
    0x00, 0x00, 0x00, 0x00, 0x00, 0x00, 0x00, 0x00, 0x00, 0x00, 0x00, 0x00, 0x00, 0x00, 0x00, 0x00,
    0x00, 0x00, 0x00, 0x00, 0x00, 0x00, 0x00, 0x00, 0x00, 0x00, 0x00, 0x00, 0x00, 0x00, 0x00, 0x00,
    0x00, 0x00, 0x00, 0x00, 0x00, 0x00, 0x00, 0x00, 0x00, 0x00, 0x00, 0x00, 0x00, 0x00, 0x00, 0x00,
    0x00, 0x00, 0x00, 0x00, 0x00, 0x00, 0x00, 0x00, 0x00, 0x00, 0x00, 0x00, 0x00, 0x00, 0x00, 0x00,
    0x00, 0x00, 0x00, 0x00, 0x00, 0x00, 0x00, 0x00, 0x00, 0x00, 0x00, 0x00, 0x00, 0x00, 0x00, 0x00,
    0x00, 0x00, 0x00, 0x00, 0x00, 0x00, 0x00, 0x00, 0x00, 0x00, 0x00, 0x00, 0x00, 0x00, 0x00, 0x00,
    0x00, 0x00, 0x00, 0x00, 0x00, 0x00, 0x00, 0x00, 0x00, 0x00, 0x00, 0x00, 0x00, 0x00, 0x00, 0x00,
    0x00, 0x00, 0x00, 0x00, 0x00, 0x00, 0x00, 0x00, 0x00, 0x00, 0x00, 0x00, 0x00, 0x00, 0x00, 0x00,
    0x00, 0x00, 0x00, 0x00, 0x06, 0x2e, 0x14, 0x01, 0x00, 0x00, 0x00, 0x00, 0x08, 0x2e, 0x15, 0x26,
    0x5e, 0xff, 0x9a, 0xff, 0x4e, 0xff, 0x98, 0xff, 0x23, 0xb6, 0x5d, 0xff, 0x36, 0xff, 0x8b, 0xff,
    0x71, 0xff, 0xc6, 0xff, 0x68, 0xff, 0xb0, 0xff, 0x55, 0xff, 0xaf, 0xff, 0x42, 0xff, 0x9e, 0xff,
    0x3f, 0xff, 0x99, 0xff, 0x54, 0xff, 0xb8, 0xff, 0x4e, 0xff, 0xb8, 0xff, 0x53, 0xff, 0xac, 0xff,
    0x3b, 0xff, 0x87, 0xff, 0x27, 0xbb, 0x5c, 0xff, 0x46, 0xf8, 0x78, 0xff, 0x55, 0xff, 0x9e, 0xff,
    0x0d, 0x37, 0x1b, 0x64, 0x00, 0x00, 0x00, 0x00, 0x06, 0x2e, 0x14, 0x02, 0x00, 0x00, 0x00, 0x00,
    0x00, 0x00, 0x00, 0x00, 0x00, 0x00, 0x00, 0x00, 0x00, 0x00, 0x00, 0x00, 0x00, 0x00, 0x00, 0x00,
    0x00, 0x00, 0x00, 0x00, 0x00, 0x00, 0x00, 0x00, 0x00, 0x00, 0x00, 0x00, 0x00, 0x00, 0x00, 0x00,
    0x00, 0x00, 0x00, 0x00, 0x00, 0x00, 0x00, 0x00, 0x00, 0x00, 0x00, 0x00, 0x00, 0x00, 0x00, 0x00,
    0x00, 0x00, 0x00, 0x00, 0x00, 0x00, 0x00, 0x00, 0x00, 0x00, 0x00, 0x00, 0x00, 0x00, 0x00, 0x00,
    0x00, 0x00, 0x00, 0x00, 0x00, 0x00, 0x00, 0x00, 0x00, 0x00, 0x00, 0x00, 0x00, 0x00, 0x00, 0x00,
    0x00, 0x00, 0x00, 0x00, 0x00, 0x00, 0x00, 0x00, 0x00, 0x00, 0x00, 0x00, 0x00, 0x00, 0x00, 0x00,
    0x00, 0x00, 0x00, 0x00, 0x00, 0x00, 0x00, 0x00, 0x00, 0x00, 0x00, 0x00, 0x00, 0x00, 0x00, 0x00,
    0x00, 0x00, 0x00, 0x00, 0x00, 0x00, 0x00, 0x00, 0x00, 0x00, 0x00, 0x00, 0x00, 0x00, 0x00, 0x00,
    0x00, 0x00, 0x00, 0x00, 0x00, 0x00, 0x00, 0x00, 0x00, 0x00, 0x00, 0x00, 0x00, 0x00, 0x00, 0x00,
    0x00, 0x00, 0x00, 0x00, 0x00, 0x00, 0x00, 0x00, 0x00, 0x00, 0x00, 0x00, 0x00, 0x00, 0x00, 0x00,
    0x00, 0x00, 0x00, 0x00, 0x06, 0x2e, 0x14, 0x01, 0x00, 0x00, 0x00, 0x00, 0x0b, 0x3a, 0x1b, 0x64,
    0x51, 0xff, 0xa5, 0xff, 0x50, 0xff, 0xbb, 0xff, 0x3d, 0xff, 0x9e, 0xff, 0x44, 0xff, 0x94, 0xff,
    0x57, 0xff, 0xa2, 0xff, 0x44, 0xfc, 0x7b, 0xff, 0x41, 0xff, 0x8f, 0xff, 0x2d, 0xff, 0x8f, 0xff,
    0x3d, 0xfd, 0x8d, 0xff, 0x48, 0xff, 0xa9, 0xff, 0x47, 0xff, 0x83, 0xff, 0x43, 0xff, 0x9d, 0xff,
    0x4b, 0xff, 0x9a, 0xff, 0x46, 0xff, 0xae, 0xff, 0x4c, 0xff, 0xa1, 0xff, 0x54, 0xff, 0x9f, 0xff,
    0x13, 0x51, 0x28, 0x9d, 0x00, 0x00, 0x00, 0x00, 0x06, 0x2e, 0x14, 0x02, 0x00, 0x00, 0x00, 0x00,
    0x00, 0x00, 0x00, 0x00, 0x00, 0x00, 0x00, 0x00, 0x00, 0x00, 0x00, 0x00, 0x00, 0x00, 0x00, 0x00,
    0x00, 0x00, 0x00, 0x00, 0x00, 0x00, 0x00, 0x00, 0x00, 0x00, 0x00, 0x00, 0x00, 0x00, 0x00, 0x00,
    0x00, 0x00, 0x00, 0x00, 0x00, 0x00, 0x00, 0x00, 0x00, 0x00, 0x00, 0x00, 0x00, 0x00, 0x00, 0x00,
    0x00, 0x00, 0x00, 0x00, 0x00, 0x00, 0x00, 0x00, 0x00, 0x00, 0x00, 0x00, 0x00, 0x00, 0x00, 0x00,
    0x00, 0x00, 0x00, 0x00, 0x00, 0x00, 0x00, 0x00, 0x00, 0x00, 0x00, 0x00, 0x00, 0x00, 0x00, 0x00,
    0x00, 0x00, 0x00, 0x00, 0x00, 0x00, 0x00, 0x00, 0x00, 0x00, 0x00, 0x00, 0x00, 0x00, 0x00, 0x00,
    0x00, 0x00, 0x00, 0x00, 0x00, 0x00, 0x00, 0x00, 0x00, 0x00, 0x00, 0x00, 0x00, 0x00, 0x00, 0x00,
    0x00, 0x00, 0x00, 0x00, 0x00, 0x00, 0x00, 0x00, 0x00, 0x00, 0x00, 0x00, 0x00, 0x00, 0x00, 0x00,
    0x00, 0x00, 0x00, 0x00, 0x00, 0x00, 0x00, 0x00, 0x00, 0x00, 0x00, 0x00, 0x00, 0x00, 0x00, 0x00,
    0x00, 0x00, 0x00, 0x00, 0x00, 0x00, 0x00, 0x00, 0x00, 0x00, 0x00, 0x00, 0x00, 0x00, 0x00, 0x00,
    0x00, 0x00, 0x00, 0x00, 0x06, 0x2e, 0x14, 0x01, 0x06, 0x2e, 0x14, 0x01, 0x08, 0x31, 0x17, 0x40,
    0x57, 0xff, 0xae, 0xff, 0x47, 0xff, 0xa6, 0xff, 0x4b, 0xf3, 0x88, 0xff, 0x55, 0xff, 0x8c, 0xff,
    0x41, 0xec, 0x7b, 0xff, 0x46, 0xd3, 0x72, 0xff, 0x4a, 0xff, 0x8d, 0xff, 0x2c, 0xfd, 0x89, 0xff,
    0x37, 0xde, 0x7a, 0xff, 0x4b, 0xff, 0xa2, 0xff, 0x37, 0xde, 0x6b, 0xff, 0x35, 0xe3, 0x7b, 0xff,
    0x4e, 0xff, 0x9c, 0xff, 0x42, 0xf8, 0x7f, 0xff, 0x43, 0xff, 0x9d, 0xff, 0x5e, 0xff, 0xae, 0xff,
    0x0f, 0x40, 0x20, 0x77, 0x00, 0x00, 0x00, 0x00, 0x06, 0x2e, 0x14, 0x01, 0x00, 0x00, 0x00, 0x00,
    0x00, 0x00, 0x00, 0x00, 0x00, 0x00, 0x00, 0x00, 0x00, 0x00, 0x00, 0x00, 0x00, 0x00, 0x00, 0x00,
    0x00, 0x00, 0x00, 0x00, 0x00, 0x00, 0x00, 0x00, 0x00, 0x00, 0x00, 0x00, 0x00, 0x00, 0x00, 0x00,
    0x00, 0x00, 0x00, 0x00, 0x00, 0x00, 0x00, 0x00, 0x00, 0x00, 0x00, 0x00, 0x00, 0x00, 0x00, 0x00,
    0x00, 0x00, 0x00, 0x00, 0x00, 0x00, 0x00, 0x00, 0x00, 0x00, 0x00, 0x00, 0x00, 0x00, 0x00, 0x00,
    0x00, 0x00, 0x00, 0x00, 0x00, 0x00, 0x00, 0x00, 0x00, 0x00, 0x00, 0x00, 0x00, 0x00, 0x00, 0x00,
    0x00, 0x00, 0x00, 0x00, 0x00, 0x00, 0x00, 0x00, 0x00, 0x00, 0x00, 0x00, 0x00, 0x00, 0x00, 0x00,
    0x00, 0x00, 0x00, 0x00, 0x00, 0x00, 0x00, 0x00, 0x00, 0x00, 0x00, 0x00, 0x00, 0x00, 0x00, 0x00,
    0x00, 0x00, 0x00, 0x00, 0x00, 0x00, 0x00, 0x00, 0x00, 0x00, 0x00, 0x00, 0x00, 0x00, 0x00, 0x00,
    0x00, 0x00, 0x00, 0x00, 0x00, 0x00, 0x00, 0x00, 0x00, 0x00, 0x00, 0x00, 0x00, 0x00, 0x00, 0x00,
    0x00, 0x00, 0x00, 0x00, 0x00, 0x00, 0x00, 0x00, 0x00, 0x00, 0x00, 0x00, 0x00, 0x00, 0x00, 0x00,
    0x00, 0x00, 0x00, 0x00, 0x00, 0x00, 0x00, 0x00, 0x06, 0x2e, 0x14, 0x01, 0x00, 0x00, 0x00, 0x00,
    0x14, 0x45, 0x24, 0x87, 0x21, 0x79, 0x3c, 0xd7, 0x31, 0xb8, 0x65, 0xff, 0x41, 0xe4, 0x7a, 0xff,
    0x46, 0xff, 0x99, 0xff, 0x51, 0xff, 0xa5, 0xff, 0x4e, 0xff, 0x96, 0xff, 0x34, 0xff, 0x85, 0xff,
    0x3d, 0xff, 0x88, 0xff, 0x4f, 0xff, 0x96, 0xff, 0x4b, 0xff, 0x89, 0xff, 0x53, 0xff, 0x9e, 0xff,
    0x3e, 0xe4, 0x80, 0xff, 0x32, 0xb3, 0x59, 0xff, 0x1f, 0x75, 0x38, 0xd4, 0x18, 0x4f, 0x27, 0x9d,
    0x00, 0x00, 0x00, 0x00, 0x00, 0x00, 0x00, 0x00, 0x00, 0x00, 0x00, 0x00, 0x00, 0x00, 0x00, 0x00,
    0x00, 0x00, 0x00, 0x00, 0x00, 0x00, 0x00, 0x00, 0x00, 0x00, 0x00, 0x00, 0x00, 0x00, 0x00, 0x00,
    0x00, 0x00, 0x00, 0x00, 0x00, 0x00, 0x00, 0x00, 0x00, 0x00, 0x00, 0x00, 0x00, 0x00, 0x00, 0x00,
    0x00, 0x00, 0x00, 0x00, 0x00, 0x00, 0x00, 0x00, 0x00, 0x00, 0x00, 0x00, 0x00, 0x00, 0x00, 0x00,
    0x00, 0x00, 0x00, 0x00, 0x00, 0x00, 0x00, 0x00, 0x00, 0x00, 0x00, 0x00, 0x00, 0x00, 0x00, 0x00,
    0x00, 0x00, 0x00, 0x00, 0x00, 0x00, 0x00, 0x00, 0x00, 0x00, 0x00, 0x00, 0x00, 0x00, 0x00, 0x00,
    0x00, 0x00, 0x00, 0x00, 0x00, 0x00, 0x00, 0x00, 0x00, 0x00, 0x00, 0x00, 0x00, 0x00, 0x00, 0x00,
    0x00, 0x00, 0x00, 0x00, 0x00, 0x00, 0x00, 0x00, 0x00, 0x00, 0x00, 0x00, 0x00, 0x00, 0x00, 0x00,
    0x00, 0x00, 0x00, 0x00, 0x00, 0x00, 0x00, 0x00, 0x00, 0x00, 0x00, 0x00, 0x00, 0x00, 0x00, 0x00,
    0x00, 0x00, 0x00, 0x00, 0x00, 0x00, 0x00, 0x00, 0x00, 0x00, 0x00, 0x00, 0x00, 0x00, 0x00, 0x00,
    0x00, 0x00, 0x00, 0x00, 0x00, 0x00, 0x00, 0x00, 0x00, 0x00, 0x00, 0x00, 0x00, 0x00, 0x00, 0x00,
    0x00, 0x00, 0x00, 0x00, 0x00, 0x00, 0x00, 0x00, 0x00, 0x00, 0x00, 0x00, 0x00, 0x00, 0x00, 0x00,
    0x00, 0x00, 0x00, 0x00, 0x00, 0x00, 0x00, 0x00, 0x00, 0x00, 0x00, 0x00, 0x11, 0x61, 0x30, 0xaf,
    0x47, 0xff, 0x9d, 0xff, 0x3f, 0xf9, 0x73, 0xff, 0x3d, 0xec, 0x72, 0xff, 0x44, 0xff, 0x83, 0xff,
    0x4b, 0xff, 0x91, 0xff, 0x43, 0xe8, 0x71, 0xff, 0x43, 0xfd, 0x6b, 0xff, 0x50, 0xff, 0x95, 0xff,
    0x1f, 0x6e, 0x3f, 0xc6, 0x00, 0x00, 0x00, 0x00, 0x00, 0x00, 0x00, 0x00, 0x00, 0x00, 0x00, 0x00,
    0x00, 0x00, 0x00, 0x00, 0x00, 0x00, 0x00, 0x00, 0x00, 0x00, 0x00, 0x00, 0x00, 0x00, 0x00, 0x00,
    0x00, 0x00, 0x00, 0x00, 0x00, 0x00, 0x00, 0x00, 0x00, 0x00, 0x00, 0x00, 0x00, 0x00, 0x00, 0x00,
    0x00, 0x00, 0x00, 0x00, 0x00, 0x00, 0x00, 0x00, 0x00, 0x00, 0x00, 0x00, 0x00, 0x00, 0x00, 0x00,
    0x00, 0x00, 0x00, 0x00, 0x00, 0x00, 0x00, 0x00, 0x00, 0x00, 0x00, 0x00, 0x00, 0x00, 0x00, 0x00,
    0x00, 0x00, 0x00, 0x00, 0x00, 0x00, 0x00, 0x00, 0x00, 0x00, 0x00, 0x00, 0x00, 0x00, 0x00, 0x00,
    0x00, 0x00, 0x00, 0x00, 0x00, 0x00, 0x00, 0x00, 0x00, 0x00, 0x00, 0x00, 0x00, 0x00, 0x00, 0x00,
    0x00, 0x00, 0x00, 0x00, 0x00, 0x00, 0x00, 0x00, 0x00, 0x00, 0x00, 0x00, 0x00, 0x00, 0x00, 0x00,
    0x00, 0x00, 0x00, 0x00, 0x00, 0x00, 0x00, 0x00, 0x00, 0x00, 0x00, 0x00, 0x00, 0x00, 0x00, 0x00,
    0x00, 0x00, 0x00, 0x00, 0x00, 0x00, 0x00, 0x00, 0x00, 0x00, 0x00, 0x00, 0x00, 0x00, 0x00, 0x00,
    0x00, 0x00, 0x00, 0x00, 0x00, 0x00, 0x00, 0x00, 0x00, 0x00, 0x00, 0x00, 0x00, 0x00, 0x00, 0x00,
    0x00, 0x00, 0x00, 0x00, 0x00, 0x00, 0x00, 0x00, 0x00, 0x00, 0x00, 0x00, 0x00, 0x00, 0x00, 0x00,
    0x00, 0x00, 0x00, 0x00, 0x00, 0x00, 0x00, 0x00, 0x00, 0x00, 0x00, 0x00, 0x00, 0x00, 0x00, 0x00,
    0x06, 0x2e, 0x14, 0x03, 0x06, 0x2e, 0x14, 0x07, 0x0e, 0x3f, 0x1e, 0x6e, 0x48, 0xff, 0x9c, 0xff,
    0x37, 0xb6, 0x55, 0xff, 0x22, 0x55, 0x30, 0xfe, 0x42, 0xab, 0x60, 0xff, 0x5c, 0xff, 0x9e, 0xff,
    0x58, 0xff, 0xab, 0xff, 0x48, 0xbb, 0x75, 0xff, 0x27, 0x59, 0x32, 0xfe, 0x32, 0x9c, 0x47, 0xff,
    0x43, 0xff, 0x9c, 0xff, 0x0e, 0x59, 0x30, 0xa2, 0x06, 0x2e, 0x14, 0x06, 0x06, 0x2e, 0x14, 0x04,
    0x00, 0x00, 0x00, 0x00, 0x00, 0x00, 0x00, 0x00, 0x00, 0x00, 0x00, 0x00, 0x00, 0x00, 0x00, 0x00,
    0x00, 0x00, 0x00, 0x00, 0x00, 0x00, 0x00, 0x00, 0x00, 0x00, 0x00, 0x00, 0x00, 0x00, 0x00, 0x00,
    0x00, 0x00, 0x00, 0x00, 0x00, 0x00, 0x00, 0x00, 0x00, 0x00, 0x00, 0x00, 0x00, 0x00, 0x00, 0x00,
    0x00, 0x00, 0x00, 0x00, 0x00, 0x00, 0x00, 0x00, 0x00, 0x00, 0x00, 0x00, 0x00, 0x00, 0x00, 0x00,
    0x00, 0x00, 0x00, 0x00, 0x00, 0x00, 0x00, 0x00, 0x00, 0x00, 0x00, 0x00, 0x00, 0x00, 0x00, 0x00,
    0x00, 0x00, 0x00, 0x00, 0x00, 0x00, 0x00, 0x00, 0x00, 0x00, 0x00, 0x00, 0x00, 0x00, 0x00, 0x00,
    0x00, 0x00, 0x00, 0x00, 0x00, 0x00, 0x00, 0x00, 0x00, 0x00, 0x00, 0x00, 0x00, 0x00, 0x00, 0x00,
    0x00, 0x00, 0x00, 0x00, 0x00, 0x00, 0x00, 0x00, 0x00, 0x00, 0x00, 0x00, 0x00, 0x00, 0x00, 0x00,
    0x00, 0x00, 0x00, 0x00, 0x00, 0x00, 0x00, 0x00, 0x00, 0x00, 0x00, 0x00, 0x00, 0x00, 0x00, 0x00,
    0x00, 0x00, 0x00, 0x00, 0x00, 0x00, 0x00, 0x00, 0x00, 0x00, 0x00, 0x00, 0x00, 0x00, 0x00, 0x00,
    0x00, 0x00, 0x00, 0x00, 0x00, 0x00, 0x00, 0x00, 0x00, 0x00, 0x00, 0x00, 0x00, 0x00, 0x00, 0x00,
    0x00, 0x00, 0x00, 0x00, 0x00, 0x00, 0x00, 0x00, 0x00, 0x00, 0x00, 0x00, 0x00, 0x00, 0x00, 0x00,
    0x06, 0x2e, 0x14, 0x04, 0x00, 0x00, 0x00, 0x00, 0x48, 0xf1, 0x7b, 0xff, 0x3e, 0xc1, 0x59, 0xff,
    0x36, 0xb0, 0x51, 0xff, 0x48, 0xff, 0x82, 0xff, 0x54, 0xff, 0xa2, 0xff, 0x5d, 0xff, 0xaa, 0xff,
    0x4f, 0xff, 0xb4, 0xff, 0x54, 0xff, 0x9f, 0xff, 0x48, 0xff, 0x7a, 0xff, 0x34, 0xb0, 0x54, 0xff,
    0x35, 0xa9, 0x53, 0xff, 0x37, 0xff, 0x87, 0xff, 0x00, 0x00, 0x00, 0x02, 0x06, 0x2e, 0x14, 0x04,
    0x00, 0x00, 0x00, 0x00, 0x00, 0x00, 0x00, 0x00, 0x00, 0x00, 0x00, 0x00, 0x00, 0x00, 0x00, 0x00,
    0x00, 0x00, 0x00, 0x00, 0x00, 0x00, 0x00, 0x00, 0x00, 0x00, 0x00, 0x00, 0x00, 0x00, 0x00, 0x00,
    0x00, 0x00, 0x00, 0x00, 0x00, 0x00, 0x00, 0x00, 0x00, 0x00, 0x00, 0x00, 0x00, 0x00, 0x00, 0x00,
    0x00, 0x00, 0x00, 0x00, 0x00, 0x00, 0x00, 0x00, 0x00, 0x00, 0x00, 0x00, 0x00, 0x00, 0x00, 0x00,
    0x00, 0x00, 0x00, 0x00, 0x00, 0x00, 0x00, 0x00, 0x00, 0x00, 0x00, 0x00, 0x00, 0x00, 0x00, 0x00,
    0x00, 0x00, 0x00, 0x00, 0x00, 0x00, 0x00, 0x00, 0x00, 0x00, 0x00, 0x00, 0x00, 0x00, 0x00, 0x00,
    0x00, 0x00, 0x00, 0x00, 0x00, 0x00, 0x00, 0x00, 0x00, 0x00, 0x00, 0x00, 0x00, 0x00, 0x00, 0x00,
    0x00, 0x00, 0x00, 0x00, 0x00, 0x00, 0x00, 0x00, 0x00, 0x00, 0x00, 0x00, 0x00, 0x00, 0x00, 0x00,
    0x00, 0x00, 0x00, 0x00, 0x00, 0x00, 0x00, 0x00, 0x00, 0x00, 0x00, 0x00, 0x00, 0x00, 0x00, 0x00,
    0x00, 0x00, 0x00, 0x00, 0x00, 0x00, 0x00, 0x00, 0x00, 0x00, 0x00, 0x00, 0x00, 0x00, 0x00, 0x00,
    0x00, 0x00, 0x00, 0x00, 0x00, 0x00, 0x00, 0x00, 0x00, 0x00, 0x00, 0x00, 0x00, 0x00, 0x00, 0x00,
    0x00, 0x00, 0x00, 0x00, 0x00, 0x00, 0x00, 0x00, 0x00, 0x00, 0x00, 0x00, 0x06, 0x2e, 0x14, 0x02,
    0x00, 0x00, 0x00, 0x00, 0x1e, 0x8f, 0x40, 0xe3, 0x69, 0xff, 0xa2, 0xff, 0x4b, 0xff, 0x95, 0xff,
    0x3e, 0xff, 0x7a, 0xff, 0x64, 0xff, 0xa1, 0xff, 0x68, 0xff, 0xca, 0xff, 0x59, 0xff, 0xa1, 0xff,
    0x47, 0xff, 0x9e, 0xff, 0x5d, 0xff, 0xb9, 0xff, 0x5c, 0xff, 0x98, 0xff, 0x3e, 0xff, 0x88, 0xff,
    0x54, 0xff, 0x96, 0xff, 0x57, 0xff, 0x98, 0xff, 0x2a, 0xbc, 0x5c, 0xff, 0x00, 0x00, 0x00, 0x00,
    0x06, 0x2e, 0x14, 0x03, 0x00, 0x00, 0x00, 0x00, 0x00, 0x00, 0x00, 0x00, 0x00, 0x00, 0x00, 0x00,
    0x00, 0x00, 0x00, 0x00, 0x00, 0x00, 0x00, 0x00, 0x00, 0x00, 0x00, 0x00, 0x00, 0x00, 0x00, 0x00,
    0x00, 0x00, 0x00, 0x00, 0x00, 0x00, 0x00, 0x00, 0x00, 0x00, 0x00, 0x00, 0x00, 0x00, 0x00, 0x00,
    0x00, 0x00, 0x00, 0x00, 0x00, 0x00, 0x00, 0x00, 0x00, 0x00, 0x00, 0x00, 0x00, 0x00, 0x00, 0x00,
    0x00, 0x00, 0x00, 0x00, 0x00, 0x00, 0x00, 0x00, 0x00, 0x00, 0x00, 0x00, 0x00, 0x00, 0x00, 0x00,
    0x00, 0x00, 0x00, 0x00, 0x00, 0x00, 0x00, 0x00, 0x00, 0x00, 0x00, 0x00, 0x00, 0x00, 0x00, 0x00,
    0x00, 0x00, 0x00, 0x00, 0x00, 0x00, 0x00, 0x00, 0x00, 0x00, 0x00, 0x00, 0x00, 0x00, 0x00, 0x00,
    0x00, 0x00, 0x00, 0x00, 0x00, 0x00, 0x00, 0x00, 0x00, 0x00, 0x00, 0x00, 0x00, 0x00, 0x00, 0x00,
    0x00, 0x00, 0x00, 0x00, 0x00, 0x00, 0x00, 0x00, 0x00, 0x00, 0x00, 0x00, 0x00, 0x00, 0x00, 0x00,
    0x00, 0x00, 0x00, 0x00, 0x00, 0x00, 0x00, 0x00, 0x00, 0x00, 0x00, 0x00, 0x00, 0x00, 0x00, 0x00,
    0x00, 0x00, 0x00, 0x00, 0x00, 0x00, 0x00, 0x00, 0x00, 0x00, 0x00, 0x00, 0x00, 0x00, 0x00, 0x00,
    0x00, 0x00, 0x00, 0x00, 0x00, 0x00, 0x00, 0x00, 0x06, 0x2e, 0x14, 0x01, 0x06, 0x2e, 0x14, 0x03,
    0x02, 0x0b, 0x04, 0x32, 0x4c, 0xff, 0xa2, 0xff, 0x6d, 0xff, 0xa7, 0xff, 0x4f, 0xff, 0x89, 0xff,
    0x36, 0xae, 0x57, 0xff, 0x55, 0xff, 0x94, 0xff, 0x7b, 0xff, 0xd0, 0xff, 0x6b, 0xff, 0xb4, 0xff,
    0x46, 0xff, 0x8f, 0xff, 0x64, 0xff, 0xaf, 0xff, 0x4f, 0xff, 0x8c, 0xff, 0x32, 0xb8, 0x54, 0xff,
    0x4b, 0xff, 0x94, 0xff, 0x4e, 0xff, 0x9f, 0xff, 0x4c, 0xff, 0xa6, 0xff, 0x08, 0x37, 0x19, 0x56,
    0x06, 0x2e, 0x14, 0x03, 0x06, 0x2e, 0x14, 0x01, 0x00, 0x00, 0x00, 0x00, 0x00, 0x00, 0x00, 0x00,
    0x00, 0x00, 0x00, 0x00, 0x00, 0x00, 0x00, 0x00, 0x00, 0x00, 0x00, 0x00, 0x00, 0x00, 0x00, 0x00,
    0x00, 0x00, 0x00, 0x00, 0x00, 0x00, 0x00, 0x00, 0x00, 0x00, 0x00, 0x00, 0x00, 0x00, 0x00, 0x00,
    0x00, 0x00, 0x00, 0x00, 0x00, 0x00, 0x00, 0x00, 0x00, 0x00, 0x00, 0x00, 0x00, 0x00, 0x00, 0x00,
    0x00, 0x00, 0x00, 0x00, 0x00, 0x00, 0x00, 0x00, 0x00, 0x00, 0x00, 0x00, 0x00, 0x00, 0x00, 0x00,
    0x00, 0x00, 0x00, 0x00, 0x00, 0x00, 0x00, 0x00, 0x00, 0x00, 0x00, 0x00, 0x00, 0x00, 0x00, 0x00,
    0x00, 0x00, 0x00, 0x00, 0x00, 0x00, 0x00, 0x00, 0x00, 0x00, 0x00, 0x00, 0x00, 0x00, 0x00, 0x00,
    0x00, 0x00, 0x00, 0x00, 0x00, 0x00, 0x00, 0x00, 0x00, 0x00, 0x00, 0x00, 0x00, 0x00, 0x00, 0x00,
    0x00, 0x00, 0x00, 0x00, 0x00, 0x00, 0x00, 0x00, 0x00, 0x00, 0x00, 0x00, 0x00, 0x00, 0x00, 0x00,
    0x00, 0x00, 0x00, 0x00, 0x00, 0x00, 0x00, 0x00, 0x00, 0x00, 0x00, 0x00, 0x00, 0x00, 0x00, 0x00,
    0x00, 0x00, 0x00, 0x00, 0x00, 0x00, 0x00, 0x00, 0x00, 0x00, 0x00, 0x00, 0x00, 0x00, 0x00, 0x00,
    0x00, 0x00, 0x00, 0x00, 0x00, 0x00, 0x00, 0x00, 0x06, 0x2e, 0x14, 0x03, 0x00, 0x00, 0x00, 0x00,
    0x39, 0xd6, 0x69, 0xff, 0x58, 0xff, 0xab, 0xff, 0x41, 0xc4, 0x68, 0xff, 0x36, 0xa9, 0x4f, 0xff,
    0x3a, 0xb9, 0x54, 0xff, 0x58, 0xff, 0x89, 0xff, 0x7a, 0xff, 0xca, 0xff, 0x60, 0xff, 0xaf, 0xff,
    0x3e, 0xff, 0x7e, 0xff, 0x66, 0xff, 0xb6, 0xff, 0x55, 0xff, 0xa2, 0xff, 0x34, 0xb2, 0x4c, 0xff,
    0x33, 0x9f, 0x5d, 0xff, 0x2e, 0xc5, 0x64, 0xff, 0x4a, 0xff, 0xaa, 0xff, 0x34, 0xde, 0x7f, 0xff,
    0x00, 0x00, 0x00, 0x00, 0x06, 0x2e, 0x14, 0x04, 0x00, 0x00, 0x00, 0x00, 0x00, 0x00, 0x00, 0x00,
    0x00, 0x00, 0x00, 0x00, 0x00, 0x00, 0x00, 0x00, 0x00, 0x00, 0x00, 0x00, 0x00, 0x00, 0x00, 0x00,
    0x00, 0x00, 0x00, 0x00, 0x00, 0x00, 0x00, 0x00, 0x00, 0x00, 0x00, 0x00, 0x00, 0x00, 0x00, 0x00,
    0x00, 0x00, 0x00, 0x00, 0x00, 0x00, 0x00, 0x00, 0x00, 0x00, 0x00, 0x00, 0x00, 0x00, 0x00, 0x00,
    0x00, 0x00, 0x00, 0x00, 0x00, 0x00, 0x00, 0x00, 0x00, 0x00, 0x00, 0x00, 0x00, 0x00, 0x00, 0x00,
    0x00, 0x00, 0x00, 0x00, 0x00, 0x00, 0x00, 0x00, 0x00, 0x00, 0x00, 0x00, 0x00, 0x00, 0x00, 0x00,
    0x00, 0x00, 0x00, 0x00, 0x00, 0x00, 0x00, 0x00, 0x00, 0x00, 0x00, 0x00, 0x00, 0x00, 0x00, 0x00,
    0x00, 0x00, 0x00, 0x00, 0x00, 0x00, 0x00, 0x00, 0x00, 0x00, 0x00, 0x00, 0x00, 0x00, 0x00, 0x00,
    0x00, 0x00, 0x00, 0x00, 0x00, 0x00, 0x00, 0x00, 0x00, 0x00, 0x00, 0x00, 0x00, 0x00, 0x00, 0x00,
    0x00, 0x00, 0x00, 0x00, 0x00, 0x00, 0x00, 0x00, 0x00, 0x00, 0x00, 0x00, 0x00, 0x00, 0x00, 0x00,
    0x00, 0x00, 0x00, 0x00, 0x00, 0x00, 0x00, 0x00, 0x00, 0x00, 0x00, 0x00, 0x00, 0x00, 0x00, 0x00,
    0x00, 0x00, 0x00, 0x00, 0x06, 0x2e, 0x14, 0x02, 0x06, 0x2e, 0x14, 0x01, 0x14, 0x49, 0x22, 0x8f,
    0x5c, 0xff, 0xa7, 0xff, 0x46, 0xf5, 0x8b, 0xff, 0x44, 0xd0, 0x5c, 0xff, 0x58, 0xff, 0x82, 0xff,
    0x55, 0xff, 0x8d, 0xff, 0x5d, 0xff, 0x98, 0xff, 0x5d, 0xff, 0x95, 0xff, 0x4a, 0xff, 0x8c, 0xff,
    0x43, 0xff, 0x8b, 0xff, 0x54, 0xff, 0xa2, 0xff, 0x53, 0xff, 0xa7, 0xff, 0x57, 0xff, 0x7e, 0xff,
    0x54, 0xff, 0x7b, 0xff, 0x3a, 0xc5, 0x5c, 0xff, 0x46, 0xec, 0x8f, 0xff, 0x51, 0xff, 0xb7, 0xff,
    0x11, 0x56, 0x30, 0xa7, 0x00, 0x00, 0x00, 0x00, 0x06, 0x2e, 0x14, 0x03, 0x00, 0x00, 0x00, 0x00,
    0x00, 0x00, 0x00, 0x00, 0x00, 0x00, 0x00, 0x00, 0x00, 0x00, 0x00, 0x00, 0x00, 0x00, 0x00, 0x00,
    0x00, 0x00, 0x00, 0x00, 0x00, 0x00, 0x00, 0x00, 0x00, 0x00, 0x00, 0x00, 0x00, 0x00, 0x00, 0x00,
    0x00, 0x00, 0x00, 0x00, 0x00, 0x00, 0x00, 0x00, 0x00, 0x00, 0x00, 0x00, 0x00, 0x00, 0x00, 0x00,
    0x00, 0x00, 0x00, 0x00, 0x00, 0x00, 0x00, 0x00, 0x00, 0x00, 0x00, 0x00, 0x00, 0x00, 0x00, 0x00,
    0x00, 0x00, 0x00, 0x00, 0x00, 0x00, 0x00, 0x00, 0x00, 0x00, 0x00, 0x00, 0x00, 0x00, 0x00, 0x00,
    0x00, 0x00, 0x00, 0x00, 0x00, 0x00, 0x00, 0x00, 0x00, 0x00, 0x00, 0x00, 0x00, 0x00, 0x00, 0x00,
    0x00, 0x00, 0x00, 0x00, 0x00, 0x00, 0x00, 0x00, 0x00, 0x00, 0x00, 0x00, 0x00, 0x00, 0x00, 0x00,
    0x00, 0x00, 0x00, 0x00, 0x00, 0x00, 0x00, 0x00, 0x00, 0x00, 0x00, 0x00, 0x00, 0x00, 0x00, 0x00,
    0x00, 0x00, 0x00, 0x00, 0x00, 0x00, 0x00, 0x00, 0x00, 0x00, 0x00, 0x00, 0x00, 0x00, 0x00, 0x00,
    0x00, 0x00, 0x00, 0x00, 0x00, 0x00, 0x00, 0x00, 0x00, 0x00, 0x00, 0x00, 0x00, 0x00, 0x00, 0x00,
    0x00, 0x00, 0x00, 0x00, 0x06, 0x2e, 0x14, 0x03, 0x01, 0x03, 0x01, 0x13, 0x57, 0xf1, 0x85, 0xff,
    0x69, 0xff, 0xab, 0xff, 0x51, 0xff, 0x83, 0xff, 0x53, 0xff, 0x8f, 0xff, 0x59, 0xff, 0x94, 0xff,
    0x4c, 0xff, 0x85, 0xff, 0x5e, 0xff, 0xa1, 0xff, 0x69, 0xff, 0x90, 0xff, 0x59, 0xff, 0x8d, 0xff,
    0x5b, 0xff, 0xa1, 0xff, 0x5e, 0xff, 0xa3, 0xff, 0x60, 0xff, 0x90, 0xff, 0x5d, 0xff, 0x7c, 0xff,
    0x5c, 0xff, 0x88, 0xff, 0x58, 0xff, 0x92, 0xff, 0x58, 0xff, 0x8b, 0xff, 0x66, 0xff, 0xab, 0xff,
    0x50, 0xf3, 0x7a, 0xff, 0x06, 0x2e, 0x14, 0x1f, 0x06, 0x2e, 0x14, 0x03, 0x06, 0x2e, 0x14, 0x01,
    0x00, 0x00, 0x00, 0x00, 0x00, 0x00, 0x00, 0x00, 0x00, 0x00, 0x00, 0x00, 0x00, 0x00, 0x00, 0x00,
    0x00, 0x00, 0x00, 0x00, 0x00, 0x00, 0x00, 0x00, 0x00, 0x00, 0x00, 0x00, 0x00, 0x00, 0x00, 0x00,
    0x00, 0x00, 0x00, 0x00, 0x00, 0x00, 0x00, 0x00, 0x00, 0x00, 0x00, 0x00, 0x00, 0x00, 0x00, 0x00,
    0x00, 0x00, 0x00, 0x00, 0x00, 0x00, 0x00, 0x00, 0x00, 0x00, 0x00, 0x00, 0x00, 0x00, 0x00, 0x00,
    0x00, 0x00, 0x00, 0x00, 0x00, 0x00, 0x00, 0x00, 0x00, 0x00, 0x00, 0x00, 0x00, 0x00, 0x00, 0x00,
    0x00, 0x00, 0x00, 0x00, 0x00, 0x00, 0x00, 0x00, 0x00, 0x00, 0x00, 0x00, 0x00, 0x00, 0x00, 0x00,
    0x00, 0x00, 0x00, 0x00, 0x00, 0x00, 0x00, 0x00, 0x00, 0x00, 0x00, 0x00, 0x00, 0x00, 0x00, 0x00,
    0x00, 0x00, 0x00, 0x00, 0x00, 0x00, 0x00, 0x00, 0x00, 0x00, 0x00, 0x00, 0x00, 0x00, 0x00, 0x00,
    0x00, 0x00, 0x00, 0x00, 0x00, 0x00, 0x00, 0x00, 0x00, 0x00, 0x00, 0x00, 0x00, 0x00, 0x00, 0x00,
    0x00, 0x00, 0x00, 0x00, 0x00, 0x00, 0x00, 0x00, 0x00, 0x00, 0x00, 0x00, 0x00, 0x00, 0x00, 0x00,
    0x06, 0x2e, 0x14, 0x04, 0x00, 0x00, 0x00, 0x00, 0x41, 0xa9, 0x59, 0xfb, 0x66, 0xff, 0x96, 0xff,
    0x54, 0xff, 0xaa, 0xff, 0x57, 0xff, 0x99, 0xff, 0x58, 0xff, 0x85, 0xff, 0x4e, 0xff, 0x73, 0xff,
    0x48, 0xff, 0x7b, 0xff, 0x5d, 0xff, 0xa7, 0xff, 0x50, 0xff, 0x7c, 0xff, 0x51, 0xff, 0x83, 0xff,
    0x4c, 0xff, 0x96, 0xff, 0x4a, 0xff, 0x88, 0xff, 0x59, 0xff, 0x9e, 0xff, 0x55, 0xff, 0x8c, 0xff,
    0x4f, 0xff, 0x82, 0xff, 0x51, 0xfd, 0x7c, 0xff, 0x53, 0xff, 0x98, 0xff, 0x53, 0xff, 0xa3, 0xff,
    0x5c, 0xff, 0x88, 0xff, 0x3b, 0xa9, 0x4d, 0xfb, 0x00, 0x00, 0x00, 0x00, 0x06, 0x2e, 0x14, 0x04,
    0x00, 0x00, 0x00, 0x00, 0x00, 0x00, 0x00, 0x00, 0x00, 0x00, 0x00, 0x00, 0x00, 0x00, 0x00, 0x00,
    0x00, 0x00, 0x00, 0x00, 0x00, 0x00, 0x00, 0x00, 0x00, 0x00, 0x00, 0x00, 0x00, 0x00, 0x00, 0x00,
    0x00, 0x00, 0x00, 0x00, 0x00, 0x00, 0x00, 0x00, 0x00, 0x00, 0x00, 0x00, 0x00, 0x00, 0x00, 0x00,
    0x00, 0x00, 0x00, 0x00, 0x00, 0x00, 0x00, 0x00, 0x00, 0x00, 0x00, 0x00, 0x00, 0x00, 0x00, 0x00,
    0x00, 0x00, 0x00, 0x00, 0x00, 0x00, 0x00, 0x00, 0x00, 0x00, 0x00, 0x00, 0x00, 0x00, 0x00, 0x00,
    0x00, 0x00, 0x00, 0x00, 0x00, 0x00, 0x00, 0x00, 0x00, 0x00, 0x00, 0x00, 0x00, 0x00, 0x00, 0x00,
    0x00, 0x00, 0x00, 0x00, 0x00, 0x00, 0x00, 0x00, 0x00, 0x00, 0x00, 0x00, 0x00, 0x00, 0x00, 0x00,
    0x00, 0x00, 0x00, 0x00, 0x00, 0x00, 0x00, 0x00, 0x00, 0x00, 0x00, 0x00, 0x00, 0x00, 0x00, 0x00,
    0x00, 0x00, 0x00, 0x00, 0x00, 0x00, 0x00, 0x00, 0x00, 0x00, 0x00, 0x00, 0x00, 0x00, 0x00, 0x00,
    0x00, 0x00, 0x00, 0x00, 0x00, 0x00, 0x00, 0x00, 0x00, 0x00, 0x00, 0x00, 0x06, 0x2e, 0x14, 0x02,
    0x06, 0x2e, 0x14, 0x03, 0x15, 0x48, 0x24, 0x89, 0x6a, 0xf8, 0x82, 0xff, 0x57, 0xff, 0x92, 0xff,
    0x39, 0xfc, 0x75, 0xff, 0x34, 0xbf, 0x55, 0xff, 0x5c, 0xf3, 0x7a, 0xff, 0x68, 0xff, 0x92, 0xff,
    0x51, 0xff, 0x7c, 0xff, 0x4e, 0xff, 0xaa, 0xff, 0x53, 0xf8, 0x76, 0xff, 0x50, 0xe2, 0x7e, 0xff,
    0x41, 0xec, 0x8f, 0xff, 0x44, 0xff, 0x7f, 0xff, 0x4c, 0xff, 0xa5, 0xff, 0x4a, 0xff, 0x92, 0xff,
    0x71, 0xff, 0xa1, 0xff, 0x50, 0xfd, 0x7b, 0xff, 0x27, 0xb6, 0x54, 0xff, 0x39, 0xed, 0x77, 0xff,
    0x51, 0xff, 0xa7, 0xff, 0x59, 0xeb, 0x7a, 0xff, 0x13, 0x4d, 0x28, 0x95, 0x06, 0x2e, 0x14, 0x02,
    0x06, 0x2e, 0x14, 0x03, 0x00, 0x00, 0x00, 0x00, 0x00, 0x00, 0x00, 0x00, 0x00, 0x00, 0x00, 0x00,
    0x00, 0x00, 0x00, 0x00, 0x00, 0x00, 0x00, 0x00, 0x00, 0x00, 0x00, 0x00, 0x00, 0x00, 0x00, 0x00,
    0x00, 0x00, 0x00, 0x00, 0x00, 0x00, 0x00, 0x00, 0x00, 0x00, 0x00, 0x00, 0x00, 0x00, 0x00, 0x00,
    0x00, 0x00, 0x00, 0x00, 0x00, 0x00, 0x00, 0x00, 0x00, 0x00, 0x00, 0x00, 0x00, 0x00, 0x00, 0x00,
    0x00, 0x00, 0x00, 0x00, 0x00, 0x00, 0x00, 0x00, 0x00, 0x00, 0x00, 0x00, 0x00, 0x00, 0x00, 0x00,
    0x00, 0x00, 0x00, 0x00, 0x00, 0x00, 0x00, 0x00, 0x00, 0x00, 0x00, 0x00, 0x00, 0x00, 0x00, 0x00,
    0x00, 0x00, 0x00, 0x00, 0x00, 0x00, 0x00, 0x00, 0x00, 0x00, 0x00, 0x00, 0x00, 0x00, 0x00, 0x00,
    0x00, 0x00, 0x00, 0x00, 0x00, 0x00, 0x00, 0x00, 0x00, 0x00, 0x00, 0x00, 0x00, 0x00, 0x00, 0x00,
    0x00, 0x00, 0x00, 0x00, 0x00, 0x00, 0x00, 0x00, 0x00, 0x00, 0x00, 0x00, 0x00, 0x00, 0x00, 0x00,
    0x00, 0x00, 0x00, 0x00, 0x00, 0x00, 0x00, 0x00, 0x00, 0x00, 0x00, 0x00, 0x06, 0x2e, 0x14, 0x02,
    0x01, 0x02, 0x01, 0x11, 0x61, 0xff, 0x9a, 0xff, 0x60, 0xff, 0x9f, 0xff, 0x3d, 0xe0, 0x6b, 0xff,
    0x3b, 0xb8, 0x60, 0xff, 0x53, 0xed, 0x7b, 0xff, 0x6e, 0xff, 0x95, 0xff, 0x58, 0xff, 0x88, 0xff,
    0x58, 0xff, 0x90, 0xff, 0x68, 0xff, 0xbd, 0xff, 0x4a, 0xf9, 0x7e, 0xff, 0x47, 0xf5, 0x7a, 0xff,
    0x4a, 0xff, 0x8c, 0xff, 0x41, 0xfa, 0x77, 0xff, 0x65, 0xff, 0xab, 0xff, 0x61, 0xff, 0x91, 0xff,
    0x6f, 0xff, 0x94, 0xff, 0x68, 0xff, 0xa2, 0xff, 0x42, 0xd9, 0x69, 0xff, 0x30, 0xab, 0x4b, 0xff,
    0x39, 0xe7, 0x7a, 0xff, 0x5c, 0xff, 0x95, 0xff, 0x5c, 0xff, 0xa5, 0xff, 0x01, 0x04, 0x03, 0x1a,
    0x06, 0x2e, 0x14, 0x01, 0x06, 0x2e, 0x14, 0x01, 0x00, 0x00, 0x00, 0x00, 0x00, 0x00, 0x00, 0x00,
    0x00, 0x00, 0x00, 0x00, 0x00, 0x00, 0x00, 0x00, 0x00, 0x00, 0x00, 0x00, 0x00, 0x00, 0x00, 0x00,
    0x00, 0x00, 0x00, 0x00, 0x00, 0x00, 0x00, 0x00, 0x00, 0x00, 0x00, 0x00, 0x00, 0x00, 0x00, 0x00,
    0x00, 0x00, 0x00, 0x00, 0x00, 0x00, 0x00, 0x00, 0x00, 0x00, 0x00, 0x00, 0x00, 0x00, 0x00, 0x00,
    0x00, 0x00, 0x00, 0x00, 0x00, 0x00, 0x00, 0x00, 0x00, 0x00, 0x00, 0x00, 0x00, 0x00, 0x00, 0x00,
    0x00, 0x00, 0x00, 0x00, 0x00, 0x00, 0x00, 0x00, 0x00, 0x00, 0x00, 0x00, 0x00, 0x00, 0x00, 0x00,
    0x00, 0x00, 0x00, 0x00, 0x00, 0x00, 0x00, 0x00, 0x00, 0x00, 0x00, 0x00, 0x00, 0x00, 0x00, 0x00,
    0x00, 0x00, 0x00, 0x00, 0x00, 0x00, 0x00, 0x00, 0x00, 0x00, 0x00, 0x00, 0x00, 0x00, 0x00, 0x00,
    0x00, 0x00, 0x00, 0x00, 0x00, 0x00, 0x00, 0x00, 0x00, 0x00, 0x00, 0x00, 0x00, 0x00, 0x00, 0x00,
    0x00, 0x00, 0x00, 0x00, 0x06, 0x2e, 0x14, 0x01, 0x06, 0x2e, 0x14, 0x03, 0x07, 0x2f, 0x16, 0x2f,
    0x4c, 0xff, 0x9f, 0xff, 0x58, 0xe8, 0x87, 0xff, 0x3f, 0xdf, 0x7b, 0xff, 0x57, 0xff, 0x7f, 0xff,
    0x60, 0xff, 0x84, 0xff, 0x64, 0xff, 0x95, 0xff, 0x6e, 0xff, 0xa1, 0xff, 0x41, 0xff, 0x84, 0xff,
    0x4c, 0xff, 0x8d, 0xff, 0x6e, 0xff, 0xb3, 0xff, 0x4f, 0xff, 0x9e, 0xff, 0x46, 0xff, 0x8b, 0xff,
    0x47, 0xff, 0x8f, 0xff, 0x51, 0xff, 0x98, 0xff, 0x73, 0xff, 0xc6, 0xff, 0x4b, 0xff, 0x92, 0xff,
    0x4b, 0xf8, 0x7f, 0xff, 0x69, 0xff, 0x99, 0xff, 0x58, 0xff, 0x9c, 0xff, 0x46, 0xff, 0x82, 0xff,
    0x4c, 0xf0, 0x78, 0xff, 0x48, 0xdf, 0x77, 0xff, 0x4b, 0xe0, 0x7b, 0xff, 0x46, 0xff, 0x91, 0xff,
    0x0a, 0x36, 0x1b, 0x52, 0x06, 0x2e, 0x14, 0x03, 0x06, 0x2e, 0x14, 0x01, 0x00, 0x00, 0x00, 0x00,
    0x00, 0x00, 0x00, 0x00, 0x00, 0x00, 0x00, 0x00, 0x00, 0x00, 0x00, 0x00, 0x00, 0x00, 0x00, 0x00,
    0x00, 0x00, 0x00, 0x00, 0x00, 0x00, 0x00, 0x00, 0x00, 0x00, 0x00, 0x00, 0x00, 0x00, 0x00, 0x00,
    0x00, 0x00, 0x00, 0x00, 0x00, 0x00, 0x00, 0x00, 0x00, 0x00, 0x00, 0x00, 0x00, 0x00, 0x00, 0x00,
    0x00, 0x00, 0x00, 0x00, 0x00, 0x00, 0x00, 0x00, 0x00, 0x00, 0x00, 0x00, 0x00, 0x00, 0x00, 0x00,
    0x00, 0x00, 0x00, 0x00, 0x00, 0x00, 0x00, 0x00, 0x00, 0x00, 0x00, 0x00, 0x00, 0x00, 0x00, 0x00,
    0x00, 0x00, 0x00, 0x00, 0x00, 0x00, 0x00, 0x00, 0x00, 0x00, 0x00, 0x00, 0x00, 0x00, 0x00, 0x00,
    0x00, 0x00, 0x00, 0x00, 0x00, 0x00, 0x00, 0x00, 0x00, 0x00, 0x00, 0x00, 0x00, 0x00, 0x00, 0x00,
    0x00, 0x00, 0x00, 0x00, 0x00, 0x00, 0x00, 0x00, 0x00, 0x00, 0x00, 0x00, 0x00, 0x00, 0x00, 0x00,
    0x00, 0x00, 0x00, 0x00, 0x06, 0x2e, 0x14, 0x04, 0x00, 0x00, 0x00, 0x00, 0x41, 0xcd, 0x65, 0xff,
    0x51, 0xb7, 0x6b, 0xff, 0x1f, 0x51, 0x2e, 0xfd, 0x44, 0xff, 0x82, 0xff, 0x61, 0xff, 0x98, 0xff,
    0x61, 0xff, 0x8c, 0xff, 0x50, 0xce, 0x82, 0xff, 0x2f, 0x8f, 0x54, 0xff, 0x2a, 0xb2, 0x50, 0xff,
    0x5e, 0xff, 0x95, 0xff, 0x7f, 0xff, 0xb8, 0xff, 0x55, 0xff, 0x8f, 0xff, 0x4f, 0xff, 0xa1, 0xff,
    0x4a, 0xf5, 0x8c, 0xff, 0x48, 0xf0, 0x80, 0xff, 0x73, 0xff, 0xb8, 0xff, 0x64, 0xff, 0x91, 0xff,
    0x2b, 0xab, 0x49, 0xff, 0x37, 0x8f, 0x4f, 0xff, 0x58, 0xbf, 0x7e, 0xff, 0x6b, 0xff, 0xa5, 0xff,
    0x71, 0xff, 0x9d, 0xff, 0x4b, 0xfe, 0x92, 0xff, 0x1f, 0x57, 0x30, 0xfd, 0x5c, 0xb2, 0x64, 0xff,
    0x4b, 0xda, 0x7f, 0xff, 0x00, 0x01, 0x00, 0x06, 0x06, 0x2e, 0x14, 0x04, 0x00, 0x00, 0x00, 0x00,
    0x00, 0x00, 0x00, 0x00, 0x00, 0x00, 0x00, 0x00, 0x00, 0x00, 0x00, 0x00, 0x00, 0x00, 0x00, 0x00,
    0x00, 0x00, 0x00, 0x00, 0x00, 0x00, 0x00, 0x00, 0x00, 0x00, 0x00, 0x00, 0x00, 0x00, 0x00, 0x00,
    0x00, 0x00, 0x00, 0x00, 0x00, 0x00, 0x00, 0x00, 0x00, 0x00, 0x00, 0x00, 0x00, 0x00, 0x00, 0x00,
    0x00, 0x00, 0x00, 0x00, 0x00, 0x00, 0x00, 0x00, 0x00, 0x00, 0x00, 0x00, 0x00, 0x00, 0x00, 0x00,
    0x00, 0x00, 0x00, 0x00, 0x00, 0x00, 0x00, 0x00, 0x00, 0x00, 0x00, 0x00, 0x00, 0x00, 0x00, 0x00,
    0x00, 0x00, 0x00, 0x00, 0x00, 0x00, 0x00, 0x00, 0x00, 0x00, 0x00, 0x00, 0x00, 0x00, 0x00, 0x00,
    0x00, 0x00, 0x00, 0x00, 0x00, 0x00, 0x00, 0x00, 0x00, 0x00, 0x00, 0x00, 0x00, 0x00, 0x00, 0x00,
    0x00, 0x00, 0x00, 0x00, 0x00, 0x00, 0x00, 0x00, 0x00, 0x00, 0x00, 0x00, 0x00, 0x00, 0x00, 0x00,
    0x06, 0x2e, 0x14, 0x03, 0x00, 0x00, 0x00, 0x00, 0x2a, 0x84, 0x45, 0xde, 0x55, 0xbc, 0x69, 0xff,
    0x24, 0x51, 0x2d, 0xfd, 0x29, 0x66, 0x3b, 0xff, 0x59, 0xff, 0x96, 0xff, 0x57, 0xde, 0x89, 0xff,
    0x3d, 0xa5, 0x5e, 0xff, 0x31, 0x95, 0x51, 0xff, 0x3d, 0xcc, 0x65, 0xff, 0x1e, 0x88, 0x42, 0xff,
    0x62, 0xe8, 0x88, 0xff, 0x65, 0xff, 0xa2, 0xff, 0x4f, 0xeb, 0x7b, 0xff, 0x54, 0xff, 0x89, 0xff,
    0x48, 0xff, 0x8f, 0xff, 0x39, 0xda, 0x6e, 0xff, 0x5d, 0xff, 0xa3, 0xff, 0x57, 0xe4, 0x8f, 0xff,
    0x23, 0x7e, 0x45, 0xff, 0x3a, 0xc1, 0x69, 0xff, 0x32, 0x84, 0x4a, 0xff, 0x4a, 0xa3, 0x67, 0xff,
    0x65, 0xda, 0x88, 0xff, 0x5c, 0xff, 0x9c, 0xff, 0x2d, 0x75, 0x44, 0xff, 0x2f, 0x5c, 0x37, 0xfd,
    0x55, 0xb2, 0x62, 0xff, 0x2c, 0x95, 0x53, 0xee, 0x00, 0x00, 0x00, 0x00, 0x06, 0x2e, 0x14, 0x03,
    0x00, 0x00, 0x00, 0x00, 0x00, 0x00, 0x00, 0x00, 0x00, 0x00, 0x00, 0x00, 0x00, 0x00, 0x00, 0x00,
    0x00, 0x00, 0x00, 0x00, 0x00, 0x00, 0x00, 0x00, 0x00, 0x00, 0x00, 0x00, 0x00, 0x00, 0x00, 0x00,
    0x00, 0x00, 0x00, 0x00, 0x00, 0x00, 0x00, 0x00, 0x00, 0x00, 0x00, 0x00, 0x00, 0x00, 0x00, 0x00,
    0x00, 0x00, 0x00, 0x00, 0x00, 0x00, 0x00, 0x00, 0x00, 0x00, 0x00, 0x00, 0x00, 0x00, 0x00, 0x00,
    0x00, 0x00, 0x00, 0x00, 0x00, 0x00, 0x00, 0x00, 0x00, 0x00, 0x00, 0x00, 0x00, 0x00, 0x00, 0x00,
    0x00, 0x00, 0x00, 0x00, 0x00, 0x00, 0x00, 0x00, 0x00, 0x00, 0x00, 0x00, 0x00, 0x00, 0x00, 0x00,
    0x00, 0x00, 0x00, 0x00, 0x00, 0x00, 0x00, 0x00, 0x00, 0x00, 0x00, 0x00, 0x00, 0x00, 0x00, 0x00,
    0x00, 0x00, 0x00, 0x00, 0x00, 0x00, 0x00, 0x00, 0x00, 0x00, 0x00, 0x00, 0x06, 0x2e, 0x14, 0x01,
    0x06, 0x2e, 0x14, 0x03, 0x0c, 0x37, 0x1a, 0x5a, 0x57, 0xd3, 0x75, 0xff, 0x3b, 0x70, 0x46, 0xff,
    0x40, 0x95, 0x52, 0xff, 0x3d, 0xa7, 0x56, 0xff, 0x4e, 0xbc, 0x64, 0xff, 0x4c, 0xce, 0x6b, 0xff,
    0x61, 0xff, 0x95, 0xff, 0x43, 0xd1, 0x6a, 0xff, 0x3e, 0x97, 0x5b, 0xff, 0x0d, 0x37, 0x20, 0xff,
    0x66, 0xf4, 0x98, 0xff, 0x6a, 0xff, 0xb0, 0xff, 0x47, 0xeb, 0x72, 0xff, 0x4f, 0xff, 0x82, 0xff,
    0x53, 0xff, 0x92, 0xff, 0x47, 0xe8, 0x77, 0xff, 0x5e, 0xff, 0x9f, 0xff, 0x69, 0xfe, 0x9d, 0xff,
    0x10, 0x3a, 0x21, 0xff, 0x2c, 0x70, 0x43, 0xff, 0x48, 0xbd, 0x65, 0xff, 0x65, 0xff, 0x95, 0xff,
    0x50, 0xd5, 0x75, 0xff, 0x42, 0xb8, 0x65, 0xff, 0x33, 0x80, 0x4e, 0xff, 0x42, 0x9e, 0x60, 0xff,
    0x54, 0x8d, 0x56, 0xff, 0x55, 0xc8, 0x78, 0xff, 0x0e, 0x43, 0x24, 0x7f, 0x06, 0x2e, 0x14, 0x02,
    0x06, 0x2e, 0x14, 0x02, 0x00, 0x00, 0x00, 0x00, 0x00, 0x00, 0x00, 0x00, 0x00, 0x00, 0x00, 0x00,
    0x00, 0x00, 0x00, 0x00, 0x00, 0x00, 0x00, 0x00, 0x00, 0x00, 0x00, 0x00, 0x00, 0x00, 0x00, 0x00,
    0x00, 0x00, 0x00, 0x00, 0x00, 0x00, 0x00, 0x00, 0x00, 0x00, 0x00, 0x00, 0x00, 0x00, 0x00, 0x00,
    0x00, 0x00, 0x00, 0x00, 0x00, 0x00, 0x00, 0x00, 0x00, 0x00, 0x00, 0x00, 0x00, 0x00, 0x00, 0x00,
    0x00, 0x00, 0x00, 0x00, 0x00, 0x00, 0x00, 0x00, 0x00, 0x00, 0x00, 0x00, 0x00, 0x00, 0x00, 0x00,
    0x00, 0x00, 0x00, 0x00, 0x00, 0x00, 0x00, 0x00, 0x00, 0x00, 0x00, 0x00, 0x00, 0x00, 0x00, 0x00,
    0x00, 0x00, 0x00, 0x00, 0x00, 0x00, 0x00, 0x00, 0x00, 0x00, 0x00, 0x00, 0x00, 0x00, 0x00, 0x00,
    0x00, 0x00, 0x00, 0x00, 0x00, 0x00, 0x00, 0x00, 0x00, 0x00, 0x00, 0x00, 0x06, 0x2e, 0x14, 0x04,
    0x00, 0x00, 0x00, 0x00, 0x4c, 0xc4, 0x66, 0xff, 0x51, 0x97, 0x5c, 0xff, 0x25, 0x51, 0x35, 0xfd,
    0x28, 0x63, 0x3c, 0xff, 0x4c, 0xd7, 0x76, 0xff, 0x46, 0xe7, 0x6f, 0xff, 0x47, 0xc0, 0x62, 0xff,
    0x3f, 0x88, 0x5f, 0xff, 0x23, 0x51, 0x37, 0xff, 0x30, 0x70, 0x4a, 0xff, 0x48, 0xce, 0x6e, 0xff,
    0x6b, 0xff, 0xb7, 0xff, 0x53, 0xff, 0x99, 0xff, 0x47, 0xff, 0x89, 0xff, 0x2d, 0xc5, 0x6b, 0xff,
    0x3c, 0x79, 0x52, 0xff, 0x4e, 0xff, 0x89, 0xff, 0x55, 0xff, 0x94, 0xff, 0x7a, 0xff, 0xb9, 0xff,
    0x4b, 0xe0, 0x6e, 0xff, 0x2e, 0x6c, 0x45, 0xff, 0x18, 0x43, 0x2f, 0xff, 0x30, 0x71, 0x4b, 0xff,
    0x44, 0xbd, 0x62, 0xff, 0x54, 0xeb, 0x77, 0xff, 0x57, 0xd6, 0x76, 0xff, 0x23, 0x53, 0x30, 0xff,
    0x2b, 0x51, 0x34, 0xfe, 0x52, 0x8f, 0x58, 0xff, 0x44, 0xc1, 0x71, 0xff, 0x00, 0x01, 0x00, 0x06,
    0x06, 0x2e, 0x14, 0x04, 0x00, 0x00, 0x00, 0x00, 0x00, 0x00, 0x00, 0x00, 0x00, 0x00, 0x00, 0x00,
    0x00, 0x00, 0x00, 0x00, 0x00, 0x00, 0x00, 0x00, 0x00, 0x00, 0x00, 0x00, 0x00, 0x00, 0x00, 0x00,
    0x00, 0x00, 0x00, 0x00, 0x00, 0x00, 0x00, 0x00, 0x00, 0x00, 0x00, 0x00, 0x00, 0x00, 0x00, 0x00,
    0x00, 0x00, 0x00, 0x00, 0x00, 0x00, 0x00, 0x00, 0x00, 0x00, 0x00, 0x00, 0x00, 0x00, 0x00, 0x00,
    0x00, 0x00, 0x00, 0x00, 0x00, 0x00, 0x00, 0x00, 0x00, 0x00, 0x00, 0x00, 0x00, 0x00, 0x00, 0x00,
    0x00, 0x00, 0x00, 0x00, 0x00, 0x00, 0x00, 0x00, 0x00, 0x00, 0x00, 0x00, 0x00, 0x00, 0x00, 0x00,
    0x00, 0x00, 0x00, 0x00, 0x00, 0x00, 0x00, 0x00, 0x00, 0x00, 0x00, 0x00, 0x00, 0x00, 0x00, 0x00,
    0x00, 0x00, 0x00, 0x00, 0x00, 0x00, 0x00, 0x00, 0x06, 0x2e, 0x14, 0x03, 0x00, 0x00, 0x00, 0x00,
    0x28, 0x71, 0x3c, 0xcd, 0x5d, 0xa7, 0x62, 0xff, 0x3a, 0x74, 0x48, 0xfe, 0x40, 0xa3, 0x58, 0xff,
    0x46, 0xf3, 0x75, 0xff, 0x4f, 0xe3, 0x75, 0xff, 0x4f, 0xb8, 0x65, 0xff, 0x58, 0xc3, 0x73, 0xff,
    0x4b, 0xb9, 0x77, 0xff, 0x47, 0xbd, 0x73, 0xff, 0x58, 0xf7, 0x84, 0xff, 0x3b, 0xc9, 0x6d, 0xff,
    0x5d, 0xff, 0xab, 0xff, 0x4f, 0xff, 0x91, 0xff, 0x5b, 0xff, 0x98, 0xff, 0x4f, 0xff, 0x8f, 0xff,
    0x59, 0xff, 0x96, 0xff, 0x53, 0xff, 0xa5, 0xff, 0x58, 0xff, 0x9a, 0xff, 0x69, 0xff, 0xb3, 0xff,
    0x54, 0xec, 0x77, 0xff, 0x6e, 0xf4, 0x83, 0xff, 0x49, 0x9f, 0x69, 0xff, 0x41, 0x99, 0x67, 0xff,
    0x50, 0xd1, 0x80, 0xff, 0x48, 0xb3, 0x69, 0xff, 0x59, 0xd6, 0x6f, 0xff, 0x64, 0xe2, 0x71, 0xff,
    0x43, 0x92, 0x50, 0xff, 0x3a, 0x6c, 0x44, 0xfe, 0x4e, 0x97, 0x59, 0xff, 0x2e, 0x8a, 0x47, 0xe6,
    0x00, 0x00, 0x00, 0x00, 0x06, 0x2e, 0x14, 0x03, 0x00, 0x00, 0x00, 0x00, 0x00, 0x00, 0x00, 0x00,
    0x00, 0x00, 0x00, 0x00, 0x00, 0x00, 0x00, 0x00, 0x00, 0x00, 0x00, 0x00, 0x00, 0x00, 0x00, 0x00,
    0x00, 0x00, 0x00, 0x00, 0x00, 0x00, 0x00, 0x00, 0x00, 0x00, 0x00, 0x00, 0x00, 0x00, 0x00, 0x00,
    0x00, 0x00, 0x00, 0x00, 0x00, 0x00, 0x00, 0x00, 0x00, 0x00, 0x00, 0x00, 0x00, 0x00, 0x00, 0x00,
    0x00, 0x00, 0x00, 0x00, 0x00, 0x00, 0x00, 0x00, 0x00, 0x00, 0x00, 0x00, 0x00, 0x00, 0x00, 0x00,
    0x00, 0x00, 0x00, 0x00, 0x00, 0x00, 0x00, 0x00, 0x00, 0x00, 0x00, 0x00, 0x00, 0x00, 0x00, 0x00,
    0x00, 0x00, 0x00, 0x00, 0x00, 0x00, 0x00, 0x00, 0x00, 0x00, 0x00, 0x00, 0x00, 0x00, 0x00, 0x00,
    0x00, 0x00, 0x00, 0x00, 0x06, 0x2e, 0x14, 0x01, 0x06, 0x2e, 0x14, 0x03, 0x0a, 0x30, 0x17, 0x3b,
    0x55, 0xc3, 0x6e, 0xff, 0x55, 0xd5, 0x72, 0xff, 0x55, 0xff, 0x8b, 0xff, 0x53, 0xff, 0x88, 0xff,
    0x47, 0xd1, 0x72, 0xff, 0x4a, 0xa3, 0x64, 0xff, 0x44, 0x88, 0x56, 0xff, 0x2d, 0x68, 0x48, 0xff,
    0x26, 0x60, 0x3a, 0xff, 0x5d, 0xfe, 0x84, 0xff, 0x5c, 0xff, 0x90, 0xff, 0x42, 0xda, 0x85, 0xff,
    0x60, 0xff, 0xbc, 0xff, 0x58, 0xff, 0x92, 0xff, 0x54, 0xff, 0x84, 0xff, 0x47, 0xff, 0x90, 0xff,
    0x41, 0xff, 0x9e, 0xff, 0x39, 0xff, 0x8f, 0xff, 0x42, 0xff, 0x95, 0xff, 0x6d, 0xff, 0xaa, 0xff,
    0x3e, 0xdf, 0x71, 0xff, 0x58, 0xfe, 0x8c, 0xff, 0x68, 0xfd, 0x92, 0xff, 0x35, 0x75, 0x4c, 0xff,
    0x28, 0x59, 0x3d, 0xff, 0x2f, 0x6c, 0x47, 0xff, 0x45, 0xa3, 0x62, 0xff, 0x5c, 0xd0, 0x7a, 0xff,
    0x57, 0xf4, 0x7c, 0xff, 0x61, 0xff, 0xa6, 0xff, 0x51, 0xe0, 0x7e, 0xff, 0x54, 0xd0, 0x71, 0xff,
    0x0b, 0x37, 0x1a, 0x5f, 0x06, 0x2e, 0x14, 0x02, 0x06, 0x2e, 0x14, 0x02, 0x00, 0x00, 0x00, 0x00,
    0x00, 0x00, 0x00, 0x00, 0x00, 0x00, 0x00, 0x00, 0x00, 0x00, 0x00, 0x00, 0x00, 0x00, 0x00, 0x00,
    0x00, 0x00, 0x00, 0x00, 0x00, 0x00, 0x00, 0x00, 0x00, 0x00, 0x00, 0x00, 0x00, 0x00, 0x00, 0x00,
    0x00, 0x00, 0x00, 0x00, 0x00, 0x00, 0x00, 0x00, 0x00, 0x00, 0x00, 0x00, 0x00, 0x00, 0x00, 0x00,
    0x00, 0x00, 0x00, 0x00, 0x00, 0x00, 0x00, 0x00, 0x00, 0x00, 0x00, 0x00, 0x00, 0x00, 0x00, 0x00,
    0x00, 0x00, 0x00, 0x00, 0x00, 0x00, 0x00, 0x00, 0x00, 0x00, 0x00, 0x00, 0x00, 0x00, 0x00, 0x00,
    0x00, 0x00, 0x00, 0x00, 0x00, 0x00, 0x00, 0x00, 0x00, 0x00, 0x00, 0x00, 0x00, 0x00, 0x00, 0x00,
    0x00, 0x00, 0x00, 0x00, 0x06, 0x2e, 0x14, 0x04, 0x00, 0x00, 0x00, 0x00, 0x50, 0xdd, 0x7e, 0xff,
    0x54, 0xff, 0x83, 0xff, 0x55, 0xff, 0x8d, 0xff, 0x4f, 0xdb, 0x7e, 0xff, 0x3a, 0x82, 0x59, 0xff,
    0x35, 0x79, 0x59, 0xff, 0x35, 0x84, 0x55, 0xff, 0x35, 0x7e, 0x4f, 0xff, 0x38, 0x90, 0x5a, 0xff,
    0x1d, 0x4f, 0x2e, 0xff, 0x64, 0xf4, 0x9f, 0xff, 0x5d, 0xff, 0x9d, 0xff, 0x59, 0xff, 0xa3, 0xff,
    0x54, 0xff, 0xa7, 0xff, 0x5d, 0xff, 0x99, 0xff, 0x4f, 0xff, 0x8c, 0xff, 0x47, 0xff, 0x7e, 0xff,
    0x48, 0xff, 0x7f, 0xff, 0x50, 0xff, 0x89, 0xff, 0x5e, 0xff, 0x95, 0xff, 0x62, 0xff, 0xac, 0xff,
    0x4f, 0xff, 0x9a, 0xff, 0x54, 0xff, 0xa1, 0xff, 0x5c, 0xff, 0x9d, 0xff, 0x22, 0x53, 0x38, 0xff,
    0x2d, 0x70, 0x4a, 0xff, 0x34, 0x75, 0x54, 0xff, 0x45, 0x8d, 0x63, 0xff, 0x34, 0x6b, 0x56, 0xff,
    0x30, 0x6b, 0x4c, 0xff, 0x5c, 0xd2, 0x80, 0xff, 0x59, 0xff, 0x99, 0xff, 0x5e, 0xff, 0x94, 0xff,
    0x4f, 0xe4, 0x7a, 0xff, 0x00, 0x00, 0x00, 0x02, 0x06, 0x2e, 0x14, 0x04, 0x00, 0x00, 0x00, 0x00,
    0x00, 0x00, 0x00, 0x00, 0x00, 0x00, 0x00, 0x00, 0x00, 0x00, 0x00, 0x00, 0x00, 0x00, 0x00, 0x00,
    0x00, 0x00, 0x00, 0x00, 0x00, 0x00, 0x00, 0x00, 0x00, 0x00, 0x00, 0x00, 0x00, 0x00, 0x00, 0x00,
    0x00, 0x00, 0x00, 0x00, 0x00, 0x00, 0x00, 0x00, 0x00, 0x00, 0x00, 0x00, 0x00, 0x00, 0x00, 0x00,
    0x00, 0x00, 0x00, 0x00, 0x00, 0x00, 0x00, 0x00, 0x00, 0x00, 0x00, 0x00, 0x00, 0x00, 0x00, 0x00,
    0x00, 0x00, 0x00, 0x00, 0x00, 0x00, 0x00, 0x00, 0x00, 0x00, 0x00, 0x00, 0x00, 0x00, 0x00, 0x00,
    0x00, 0x00, 0x00, 0x00, 0x00, 0x00, 0x00, 0x00, 0x00, 0x00, 0x00, 0x00, 0x00, 0x00, 0x00, 0x00,
    0x06, 0x2e, 0x14, 0x03, 0x00, 0x00, 0x00, 0x00, 0x23, 0x66, 0x37, 0xbf, 0x64, 0xf9, 0x8f, 0xff,
    0x4e, 0xb8, 0x66, 0xff, 0x36, 0x80, 0x52, 0xff, 0x32, 0x70, 0x50, 0xff, 0x44, 0x8a, 0x5d, 0xff,
    0x51, 0xbc, 0x6e, 0xff, 0x45, 0xa7, 0x59, 0xff, 0x37, 0x7c, 0x50, 0xff, 0x2f, 0x68, 0x49, 0xff,
    0x22, 0x63, 0x41, 0xff, 0x77, 0xff, 0xc6, 0xff, 0x66, 0xff, 0xb0, 0xff, 0x51, 0xff, 0x96, 0xff,
    0x4f, 0xf9, 0x9a, 0xff, 0x4a, 0xff, 0x7c, 0xff, 0x4b, 0xff, 0x92, 0xff, 0x5c, 0xff, 0x98, 0xff,
    0x53, 0xff, 0x92, 0xff, 0x4f, 0xff, 0x91, 0xff, 0x4a, 0xff, 0x91, 0xff, 0x47, 0xff, 0x9a, 0xff,
    0x4c, 0xff, 0x85, 0xff, 0x4b, 0xff, 0x8c, 0xff, 0x62, 0xff, 0xb7, 0xff, 0x27, 0x5c, 0x42, 0xff,
    0x2f, 0x70, 0x52, 0xff, 0x43, 0x87, 0x65, 0xff, 0x53, 0xa9, 0x6f, 0xff, 0x55, 0xbf, 0x83, 0xff,
    0x42, 0x8a, 0x67, 0xff, 0x3a, 0x6e, 0x52, 0xff, 0x30, 0x6b, 0x46, 0xff, 0x4b, 0xb8, 0x72, 0xff,
    0x59, 0xf5, 0x7f, 0xff, 0x2b, 0x7b, 0x3d, 0xd9, 0x00, 0x00, 0x00, 0x00, 0x06, 0x2e, 0x14, 0x03,
    0x00, 0x00, 0x00, 0x00, 0x00, 0x00, 0x00, 0x00, 0x00, 0x00, 0x00, 0x00, 0x00, 0x00, 0x00, 0x00,
    0x00, 0x00, 0x00, 0x00, 0x00, 0x00, 0x00, 0x00, 0x00, 0x00, 0x00, 0x00, 0x00, 0x00, 0x00, 0x00,
    0x00, 0x00, 0x00, 0x00, 0x00, 0x00, 0x00, 0x00, 0x00, 0x00, 0x00, 0x00, 0x00, 0x00, 0x00, 0x00,
    0x00, 0x00, 0x00, 0x00, 0x00, 0x00, 0x00, 0x00, 0x00, 0x00, 0x00, 0x00, 0x00, 0x00, 0x00, 0x00,
    0x00, 0x00, 0x00, 0x00, 0x00, 0x00, 0x00, 0x00, 0x00, 0x00, 0x00, 0x00, 0x00, 0x00, 0x00, 0x00,
    0x00, 0x00, 0x00, 0x00, 0x00, 0x00, 0x00, 0x00, 0x00, 0x00, 0x00, 0x00, 0x06, 0x2e, 0x14, 0x01,
    0x06, 0x2e, 0x14, 0x03, 0x09, 0x31, 0x17, 0x3c, 0x57, 0xb8, 0x71, 0xff, 0x42, 0x7b, 0x56, 0xff,
    0x3b, 0x75, 0x54, 0xff, 0x3c, 0x79, 0x56, 0xff, 0x49, 0xa9, 0x6d, 0xff, 0x49, 0x99, 0x63, 0xff,
    0x3b, 0x7b, 0x50, 0xff, 0x1f, 0x45, 0x2f, 0xff, 0x22, 0x4d, 0x38, 0xff, 0x28, 0x60, 0x43, 0xff,
    0x37, 0xb6, 0x6f, 0xff, 0x68, 0xff, 0xb6, 0xff, 0x46, 0xd3, 0x78, 0xff, 0x51, 0xff, 0x8f, 0xff,
    0x53, 0xe7, 0x8d, 0xff, 0x46, 0xfc, 0x78, 0xff, 0x5c, 0xff, 0x9e, 0xff, 0x61, 0xff, 0xa7, 0xff,
    0x5c, 0xff, 0xab, 0xff, 0x48, 0xff, 0xa5, 0xff, 0x4e, 0xff, 0x8c, 0xff, 0x46, 0xf5, 0x90, 0xff,
    0x4f, 0xff, 0x80, 0xff, 0x34, 0xc3, 0x5c, 0xff, 0x71, 0xff, 0xb0, 0xff, 0x46, 0xb3, 0x6f, 0xff,
    0x29, 0x6e, 0x4f, 0xff, 0x23, 0x4d, 0x3e, 0xff, 0x26, 0x4d, 0x3c, 0xff, 0x3e, 0x75, 0x5d, 0xff,
    0x4f, 0xa9, 0x75, 0xff, 0x50, 0xa5, 0x7a, 0xff, 0x4a, 0x8f, 0x78, 0xff, 0x36, 0x75, 0x54, 0xff,
    0x3e, 0x74, 0x4a, 0xff, 0x57, 0xb0, 0x66, 0xff, 0x09, 0x33, 0x18, 0x4f, 0x06, 0x2e, 0x14, 0x02,
    0x06, 0x2e, 0x14, 0x02, 0x00, 0x00, 0x00, 0x00, 0x00, 0x00, 0x00, 0x00, 0x00, 0x00, 0x00, 0x00,
    0x00, 0x00, 0x00, 0x00, 0x00, 0x00, 0x00, 0x00, 0x00, 0x00, 0x00, 0x00, 0x00, 0x00, 0x00, 0x00,
    0x00, 0x00, 0x00, 0x00, 0x00, 0x00, 0x00, 0x00, 0x00, 0x00, 0x00, 0x00, 0x00, 0x00, 0x00, 0x00,
    0x00, 0x00, 0x00, 0x00, 0x00, 0x00, 0x00, 0x00, 0x00, 0x00, 0x00, 0x00, 0x00, 0x00, 0x00, 0x00,
    0x00, 0x00, 0x00, 0x00, 0x00, 0x00, 0x00, 0x00, 0x00, 0x00, 0x00, 0x00, 0x00, 0x00, 0x00, 0x00,
    0x00, 0x00, 0x00, 0x00, 0x00, 0x00, 0x00, 0x00, 0x00, 0x00, 0x00, 0x00, 0x06, 0x2e, 0x14, 0x04,
    0x00, 0x00, 0x00, 0x00, 0x49, 0xa7, 0x5f, 0xfb, 0x5b, 0x9f, 0x69, 0xff, 0x45, 0x7c, 0x58, 0xfe,
    0x43, 0x8f, 0x6b, 0xff, 0x39, 0x7c, 0x59, 0xff, 0x40, 0x8a, 0x5c, 0xff, 0x4a, 0xb8, 0x66, 0xff,
    0x32, 0x80, 0x4b, 0xff, 0x38, 0x84, 0x50, 0xff, 0x44, 0xc0, 0x68, 0xff, 0x37, 0xa3, 0x5a, 0xff,
    0x47, 0xdd, 0x76, 0xff, 0x58, 0xff, 0x9c, 0xff, 0x37, 0xb0, 0x5c, 0xff, 0x5b, 0xff, 0xb6, 0xff,
    0x60, 0xff, 0xb3, 0xff, 0x54, 0xff, 0x8f, 0xff, 0x5b, 0xff, 0xa2, 0xff, 0x5c, 0xff, 0xa1, 0xff,
    0x50, 0xff, 0x9d, 0xff, 0x53, 0xff, 0x9f, 0xff, 0x4b, 0xff, 0x99, 0xff, 0x53, 0xff, 0xaa, 0xff,
    0x5b, 0xff, 0x98, 0xff, 0x2c, 0x97, 0x4b, 0xff, 0x5b, 0xff, 0x98, 0xff, 0x55, 0xf0, 0x8b, 0xff,
    0x47, 0xb7, 0x65, 0xff, 0x43, 0xbc, 0x71, 0xff, 0x38, 0x8a, 0x5a, 0xff, 0x37, 0x75, 0x51, 0xff,
    0x5c, 0xca, 0x88, 0xff, 0x48, 0x8a, 0x6e, 0xff, 0x4e, 0x88, 0x78, 0xff, 0x44, 0x7e, 0x6e, 0xff,
    0x48, 0x8d, 0x69, 0xfe, 0x5f, 0xa9, 0x74, 0xff, 0x44, 0x9f, 0x5c, 0xf9, 0x00, 0x00, 0x00, 0x00,
    0x06, 0x2e, 0x14, 0x04, 0x00, 0x00, 0x00, 0x00, 0x00, 0x00, 0x00, 0x00, 0x00, 0x00, 0x00, 0x00,
    0x00, 0x00, 0x00, 0x00, 0x00, 0x00, 0x00, 0x00, 0x00, 0x00, 0x00, 0x00, 0x00, 0x00, 0x00, 0x00,
    0x00, 0x00, 0x00, 0x00, 0x00, 0x00, 0x00, 0x00, 0x00, 0x00, 0x00, 0x00, 0x00, 0x00, 0x00, 0x00,
    0x00, 0x00, 0x00, 0x00, 0x00, 0x00, 0x00, 0x00, 0x00, 0x00, 0x00, 0x00, 0x00, 0x00, 0x00, 0x00,
    0x00, 0x00, 0x00, 0x00, 0x00, 0x00, 0x00, 0x00, 0x00, 0x00, 0x00, 0x00, 0x00, 0x00, 0x00, 0x00,
    0x00, 0x00, 0x00, 0x00, 0x00, 0x00, 0x00, 0x00, 0x06, 0x2e, 0x14, 0x03, 0x00, 0x00, 0x00, 0x00,
    0x20, 0x56, 0x2f, 0xaa, 0x5e, 0xb9, 0x73, 0xff, 0x47, 0x84, 0x5e, 0xfe, 0x3d, 0x87, 0x60, 0xff,
    0x4e, 0xbf, 0x7b, 0xff, 0x55, 0xe3, 0x7e, 0xff, 0x51, 0xce, 0x76, 0xff, 0x60, 0xf5, 0x89, 0xff,
    0x40, 0xa7, 0x5f, 0xff, 0x4a, 0xb0, 0x6e, 0xff, 0x3f, 0x9c, 0x5b, 0xff, 0x31, 0x7b, 0x4d, 0xff,
    0x26, 0x74, 0x4b, 0xff, 0x35, 0xb9, 0x6e, 0xff, 0x3b, 0xd5, 0x77, 0xff, 0x44, 0xff, 0xb7, 0xff,
    0x5e, 0xff, 0xc6, 0xff, 0x3d, 0xbf, 0x69, 0xff, 0x58, 0xff, 0x91, 0xff, 0x5b, 0xef, 0x9d, 0xff,
    0x41, 0xdf, 0x8b, 0xff, 0x54, 0xef, 0x8f, 0xff, 0x34, 0xc4, 0x7c, 0xff, 0x55, 0xff, 0xb3, 0xff,
    0x55, 0xff, 0xa2, 0xff, 0x3f, 0xe3, 0x76, 0xff, 0x3f, 0xb3, 0x6a, 0xff, 0x2a, 0x7b, 0x4c, 0xff,
    0x36, 0x7b, 0x4a, 0xff, 0x43, 0xa3, 0x69, 0xff, 0x47, 0xae, 0x75, 0xff, 0x3f, 0x92, 0x5d, 0xff,
    0x66, 0xfa, 0x9e, 0xff, 0x5e, 0xca, 0x87, 0xff, 0x59, 0xab, 0x7d, 0xff, 0x50, 0xa5, 0x7e, 0xff,
    0x50, 0x97, 0x7e, 0xff, 0x63, 0xab, 0x83, 0xff, 0x68, 0xc0, 0x83, 0xff, 0x1d, 0x60, 0x3a, 0xbf,
    0x00, 0x00, 0x00, 0x00, 0x06, 0x2e, 0x14, 0x03, 0x00, 0x00, 0x00, 0x00, 0x00, 0x00, 0x00, 0x00,
    0x00, 0x00, 0x00, 0x00, 0x00, 0x00, 0x00, 0x00, 0x00, 0x00, 0x00, 0x00, 0x00, 0x00, 0x00, 0x00,
    0x00, 0x00, 0x00, 0x00, 0x00, 0x00, 0x00, 0x00, 0x00, 0x00, 0x00, 0x00, 0x00, 0x00, 0x00, 0x00,
    0x00, 0x00, 0x00, 0x00, 0x00, 0x00, 0x00, 0x00, 0x00, 0x00, 0x00, 0x00, 0x00, 0x00, 0x00, 0x00,
    0x00, 0x00, 0x00, 0x00, 0x00, 0x00, 0x00, 0x00, 0x00, 0x00, 0x00, 0x00, 0x00, 0x00, 0x00, 0x00,
    0x00, 0x00, 0x00, 0x00, 0x06, 0x2e, 0x14, 0x01, 0x06, 0x2e, 0x14, 0x03, 0x08, 0x2f, 0x16, 0x2f,
    0x5b, 0xc4, 0x7a, 0xff, 0x56, 0x97, 0x6a, 0xff, 0x51, 0xbf, 0x77, 0xff, 0x4e, 0xda, 0x7c, 0xff,
    0x4e, 0xd2, 0x77, 0xff, 0x4b, 0xa5, 0x69, 0xff, 0x44, 0x88, 0x61, 0xff, 0x31, 0x6c, 0x4a, 0xff,
    0x25, 0x61, 0x41, 0xff, 0x3f, 0x9f, 0x66, 0xff, 0x2e, 0x8d, 0x4b, 0xff, 0x2d, 0x97, 0x55, 0xff,
    0x34, 0xe0, 0x6a, 0xff, 0x36, 0xff, 0x7b, 0xff, 0x2a, 0xdb, 0x68, 0xff, 0x54, 0xff, 0x9e, 0xff,
    0x62, 0xff, 0x9d, 0xff, 0x29, 0x6e, 0x3c, 0xff, 0x3f, 0xdd, 0x7f, 0xff, 0x2e, 0xfd, 0x85, 0xff,
    0x20, 0xf0, 0x7c, 0xff, 0x39, 0xd0, 0x73, 0xff, 0x2c, 0x6c, 0x42, 0xff, 0x5e, 0xf9, 0xa1, 0xff,
    0x5c, 0xff, 0xa6, 0xff, 0x36, 0xdb, 0x66, 0xff, 0x37, 0xfd, 0x7e, 0xff, 0x32, 0xe6, 0x6d, 0xff,
    0x34, 0x95, 0x50, 0xff, 0x26, 0x64, 0x42, 0xff, 0x3b, 0x82, 0x5d, 0xff, 0x2b, 0x61, 0x44, 0xff,
    0x2f, 0x64, 0x48, 0xff, 0x43, 0x84, 0x70, 0xff, 0x50, 0x9f, 0x79, 0xff, 0x59, 0xc0, 0x7a, 0xff,
    0x6e, 0xe2, 0x95, 0xff, 0x75, 0xd1, 0x9d, 0xff, 0x66, 0xb0, 0x8d, 0xff, 0x5e, 0xd1, 0x88, 0xff,
    0x08, 0x31, 0x18, 0x45, 0x06, 0x2e, 0x14, 0x02, 0x06, 0x2e, 0x14, 0x01, 0x00, 0x00, 0x00, 0x00,
    0x00, 0x00, 0x00, 0x00, 0x00, 0x00, 0x00, 0x00, 0x00, 0x00, 0x00, 0x00, 0x00, 0x00, 0x00, 0x00,
    0x00, 0x00, 0x00, 0x00, 0x00, 0x00, 0x00, 0x00, 0x00, 0x00, 0x00, 0x00, 0x00, 0x00, 0x00, 0x00,
    0x00, 0x00, 0x00, 0x00, 0x00, 0x00, 0x00, 0x00, 0x00, 0x00, 0x00, 0x00, 0x00, 0x00, 0x00, 0x00,
    0x00, 0x00, 0x00, 0x00, 0x00, 0x00, 0x00, 0x00, 0x00, 0x00, 0x00, 0x00, 0x00, 0x00, 0x00, 0x00,
    0x00, 0x00, 0x00, 0x00, 0x06, 0x2e, 0x14, 0x04, 0x00, 0x00, 0x00, 0x00, 0x41, 0x99, 0x61, 0xf4,
    0x5d, 0xb8, 0x7c, 0xff, 0x45, 0x8d, 0x6c, 0xfe, 0x41, 0xab, 0x68, 0xff, 0x40, 0x9f, 0x5d, 0xff,
    0x38, 0x79, 0x57, 0xff, 0x3b, 0x80, 0x5d, 0xff, 0x3e, 0x8f, 0x63, 0xff, 0x2d, 0x7e, 0x4b, 0xff,
    0x3f, 0xd6, 0x6e, 0xff, 0x3d, 0xd1, 0x68, 0xff, 0x44, 0xeb, 0x6f, 0xff, 0x41, 0xff, 0x85, 0xff,
    0x41, 0xf5, 0x7b, 0xff, 0x43, 0xc1, 0x69, 0xff, 0x4b, 0xde, 0x7c, 0xff, 0x6b, 0xff, 0xac, 0xff,
    0x5d, 0xff, 0x99, 0xff, 0x4e, 0xe0, 0x7f, 0xff, 0x53, 0xff, 0x8d, 0xff, 0x39, 0xeb, 0x77, 0xff,
    0x2e, 0xdd, 0x78, 0xff, 0x42, 0xf5, 0x87, 0xff, 0x4c, 0xdf, 0x7e, 0xff, 0x53, 0xff, 0x9c, 0xff,
    0x5c, 0xff, 0xa9, 0xff, 0x44, 0xe2, 0x6e, 0xff, 0x39, 0xc8, 0x71, 0xff, 0x3a, 0xe4, 0x7c, 0xff,
    0x3e, 0xff, 0x87, 0xff, 0x44, 0xe6, 0x72, 0xff, 0x46, 0xd9, 0x65, 0xff, 0x4e, 0xce, 0x6d, 0xff,
    0x37, 0x8f, 0x58, 0xff, 0x4c, 0x95, 0x71, 0xff, 0x4e, 0x95, 0x7e, 0xff, 0x49, 0x88, 0x68, 0xff,
    0x4a, 0x9e, 0x68, 0xff, 0x55, 0xa9, 0x88, 0xff, 0x58, 0x9f, 0x89, 0xff, 0x76, 0xd3, 0x90, 0xff,
    0x48, 0xa7, 0x6c, 0xfb, 0x00, 0x00, 0x00, 0x00, 0x06, 0x2e, 0x14, 0x04, 0x00, 0x00, 0x00, 0x00,
    0x00, 0x00, 0x00, 0x00, 0x00, 0x00, 0x00, 0x00, 0x00, 0x00, 0x00, 0x00, 0x00, 0x00, 0x00, 0x00,
    0x00, 0x00, 0x00, 0x00, 0x00, 0x00, 0x00, 0x00, 0x00, 0x00, 0x00, 0x00, 0x00, 0x00, 0x00, 0x00,
    0x00, 0x00, 0x00, 0x00, 0x00, 0x00, 0x00, 0x00, 0x00, 0x00, 0x00, 0x00, 0x00, 0x00, 0x00, 0x00,
    0x00, 0x00, 0x00, 0x00, 0x00, 0x00, 0x00, 0x00, 0x00, 0x00, 0x00, 0x00, 0x00, 0x00, 0x00, 0x00,
    0x06, 0x2e, 0x14, 0x03, 0x00, 0x00, 0x00, 0x00, 0x1e, 0x4f, 0x2e, 0x9f, 0x6e, 0xcd, 0x89, 0xff,
    0x5c, 0xae, 0x83, 0xff, 0x3e, 0x84, 0x5e, 0xff, 0x33, 0x70, 0x4c, 0xff, 0x35, 0x79, 0x51, 0xff,
    0x43, 0xab, 0x62, 0xff, 0x4a, 0xc8, 0x75, 0xff, 0x35, 0x8d, 0x53, 0xff, 0x2c, 0x92, 0x54, 0xff,
    0x41, 0xf9, 0x72, 0xff, 0x4a, 0xff, 0x89, 0xff, 0x48, 0xf4, 0x88, 0xff, 0x44, 0xd9, 0x7a, 0xff,
    0x53, 0xf9, 0x85, 0xff, 0x5d, 0xff, 0x90, 0xff, 0x64, 0xff, 0x9f, 0xff, 0x58, 0xff, 0xb4, 0xff,
    0x41, 0xff, 0x7c, 0xff, 0x37, 0xc9, 0x69, 0xff, 0x46, 0xde, 0x78, 0xff, 0x24, 0xc4, 0x6e, 0xff,
    0x23, 0xbb, 0x65, 0xff, 0x43, 0xe7, 0x82, 0xff, 0x36, 0xd1, 0x6f, 0xff, 0x35, 0xfd, 0x73, 0xff,
    0x5c, 0xff, 0xa1, 0xff, 0x68, 0xff, 0x9f, 0xff, 0x5c, 0xff, 0x92, 0xff, 0x4c, 0xfd, 0x80, 0xff,
    0x3e, 0xce, 0x6a, 0xff, 0x4a, 0xf4, 0x82, 0xff, 0x5e, 0xff, 0x96, 0xff, 0x4c, 0xf7, 0x87, 0xff,
    0x2e, 0x8f, 0x56, 0xff, 0x44, 0x97, 0x5e, 0xff, 0x55, 0xc5, 0x80, 0xff, 0x50, 0xb9, 0x75, 0xff,
    0x38, 0x77, 0x5a, 0xff, 0x3b, 0x7b, 0x60, 0xff, 0x47, 0x8f, 0x72, 0xff, 0x6b, 0xb3, 0x90, 0xff,
    0x6d, 0xd1, 0x92, 0xff, 0x1b, 0x57, 0x33, 0xb2, 0x00, 0x00, 0x00, 0x00, 0x06, 0x2e, 0x14, 0x03,
    0x00, 0x00, 0x00, 0x00, 0x00, 0x00, 0x00, 0x00, 0x00, 0x00, 0x00, 0x00, 0x00, 0x00, 0x00, 0x00,
    0x00, 0x00, 0x00, 0x00, 0x00, 0x00, 0x00, 0x00, 0x00, 0x00, 0x00, 0x00, 0x00, 0x00, 0x00, 0x00,
    0x00, 0x00, 0x00, 0x00, 0x00, 0x00, 0x00, 0x00, 0x00, 0x00, 0x00, 0x00, 0x00, 0x00, 0x00, 0x00,
    0x00, 0x00, 0x00, 0x00, 0x00, 0x00, 0x00, 0x00, 0x00, 0x00, 0x00, 0x00, 0x06, 0x2e, 0x14, 0x01,
    0x06, 0x2e, 0x14, 0x03, 0x07, 0x2e, 0x15, 0x26, 0x61, 0xca, 0x7f, 0xff, 0x60, 0xbb, 0x83, 0xff,
    0x55, 0xab, 0x81, 0xff, 0x38, 0x7b, 0x54, 0xff, 0x32, 0x6c, 0x4d, 0xff, 0x3e, 0x8f, 0x5b, 0xff,
    0x42, 0xa9, 0x69, 0xff, 0x3e, 0xc0, 0x78, 0xff, 0x3f, 0xd5, 0x75, 0xff, 0x53, 0xff, 0x89, 0xff,
    0x59, 0xff, 0x89, 0xff, 0x3b, 0xc6, 0x73, 0xff, 0x47, 0xf1, 0x7f, 0xff, 0x65, 0xff, 0x9c, 0xff,
    0x61, 0xff, 0x98, 0xff, 0x4e, 0xff, 0x88, 0xff, 0x46, 0xff, 0x82, 0xff, 0x5d, 0xff, 0x9f, 0xff,
    0x39, 0xbf, 0x6a, 0xff, 0x21, 0x9f, 0x4d, 0xff, 0x35, 0xea, 0x7f, 0xff, 0x36, 0xf4, 0x7f, 0xff,
    0x2a, 0xda, 0x71, 0xff, 0x35, 0xef, 0x78, 0xff, 0x2b, 0xa9, 0x56, 0xff, 0x35, 0xc1, 0x5d, 0xff,
    0x5d, 0xff, 0x9e, 0xff, 0x4b, 0xff, 0x87, 0xff, 0x68, 0xff, 0x8d, 0xff, 0x64, 0xff, 0x98, 0xff,
    0x62, 0xff, 0x9e, 0xff, 0x3b, 0xec, 0x75, 0xff, 0x2d, 0xb4, 0x62, 0xff, 0x4f, 0xff, 0x8f, 0xff,
    0x53, 0xff, 0x94, 0xff, 0x50, 0xda, 0x7b, 0xff, 0x43, 0xa3, 0x73, 0xff, 0x4c, 0xa7, 0x6f, 0xff,
    0x42, 0x8f, 0x5b, 0xff, 0x3a, 0x74, 0x5a, 0xff, 0x35, 0x6b, 0x56, 0xff, 0x53, 0x92, 0x81, 0xff,
    0x6a, 0xc4, 0x9c, 0xff, 0x68, 0xcd, 0x87, 0xff, 0x08, 0x30, 0x16, 0x3a, 0x06, 0x2e, 0x14, 0x02,
    0x06, 0x2e, 0x14, 0x01, 0x00, 0x00, 0x00, 0x00, 0x00, 0x00, 0x00, 0x00, 0x00, 0x00, 0x00, 0x00,
    0x00, 0x00, 0x00, 0x00, 0x00, 0x00, 0x00, 0x00, 0x00, 0x00, 0x00, 0x00, 0x00, 0x00, 0x00, 0x00,
    0x00, 0x00, 0x00, 0x00, 0x00, 0x00, 0x00, 0x00, 0x00, 0x00, 0x00, 0x00, 0x00, 0x00, 0x00, 0x00,
    0x00, 0x00, 0x00, 0x00, 0x00, 0x00, 0x00, 0x00, 0x00, 0x00, 0x00, 0x00, 0x06, 0x2e, 0x14, 0x04,
    0x00, 0x00, 0x00, 0x00, 0x4b, 0xb2, 0x68, 0xff, 0x60, 0xc9, 0x84, 0xff, 0x53, 0xb2, 0x80, 0xff,
    0x4d, 0xa3, 0x6d, 0xff, 0x34, 0x77, 0x4d, 0xff, 0x33, 0x7e, 0x4e, 0xff, 0x3c, 0xa7, 0x58, 0xff,
    0x51, 0xff, 0x8b, 0xff, 0x50, 0xff, 0xa3, 0xff, 0x4e, 0xff, 0x94, 0xff, 0x3d, 0xc8, 0x72, 0xff,
    0x39, 0xc6, 0x7b, 0xff, 0x50, 0xff, 0x88, 0xff, 0x68, 0xff, 0x9d, 0xff, 0x66, 0xff, 0x9c, 0xff,
    0x55, 0xff, 0xae, 0xff, 0x44, 0xff, 0x88, 0xff, 0x32, 0xa5, 0x51, 0xff, 0x4c, 0xff, 0x99, 0xff,
    0x3d, 0xda, 0x75, 0xff, 0x14, 0x8f, 0x44, 0xff, 0x1d, 0x8d, 0x4a, 0xff, 0x34, 0xcd, 0x6f, 0xff,
    0x2a, 0xd7, 0x75, 0xff, 0x28, 0xb0, 0x5c, 0xff, 0x1c, 0x8a, 0x3f, 0xff, 0x37, 0xe0, 0x7e, 0xff,
    0x46, 0xff, 0x87, 0xff, 0x29, 0xb6, 0x53, 0xff, 0x37, 0xff, 0x88, 0xff, 0x4f, 0xff, 0xb4, 0xff,
    0x5c, 0xff, 0xa2, 0xff, 0x61, 0xff, 0x9e, 0xff, 0x50, 0xf7, 0x7f, 0xff, 0x36, 0xb8, 0x5d, 0xff,
    0x3a, 0xc8, 0x71, 0xff, 0x44, 0xf4, 0x8b, 0xff, 0x51, 0xff, 0x91, 0xff, 0x57, 0xff, 0x90, 0xff,
    0x3d, 0xa7, 0x61, 0xff, 0x2c, 0x64, 0x44, 0xff, 0x3a, 0x6c, 0x58, 0xff, 0x50, 0x8d, 0x75, 0xff,
    0x64, 0xb8, 0x9c, 0xff, 0x6b, 0xcc, 0x9f, 0xff, 0x42, 0x97, 0x5d, 0xf5, 0x00, 0x00, 0x00, 0x00,
    0x06, 0x2e, 0x14, 0x04, 0x00, 0x00, 0x00, 0x00, 0x00, 0x00, 0x00, 0x00, 0x00, 0x00, 0x00, 0x00,
    0x00, 0x00, 0x00, 0x00, 0x00, 0x00, 0x00, 0x00, 0x00, 0x00, 0x00, 0x00, 0x00, 0x00, 0x00, 0x00,
    0x00, 0x00, 0x00, 0x00, 0x00, 0x00, 0x00, 0x00, 0x00, 0x00, 0x00, 0x00, 0x00, 0x00, 0x00, 0x00,
    0x00, 0x00, 0x00, 0x00, 0x00, 0x00, 0x00, 0x00, 0x06, 0x2e, 0x14, 0x02, 0x00, 0x00, 0x00, 0x00,
    0x1b, 0x56, 0x2f, 0xa6, 0x64, 0xe0, 0x89, 0xff, 0x51, 0xa9, 0x74, 0xff, 0x43, 0x90, 0x67, 0xff,
    0x3c, 0x87, 0x58, 0xff, 0x44, 0xbd, 0x6a, 0xff, 0x42, 0xef, 0x7c, 0xff, 0x4f, 0xff, 0x87, 0xff,
    0x4f, 0xff, 0x7c, 0xff, 0x36, 0xb7, 0x6b, 0xff, 0x22, 0x6c, 0x45, 0xff, 0x4e, 0xc9, 0x80, 0xff,
    0x73, 0xff, 0xab, 0xff, 0x65, 0xff, 0xa2, 0xff, 0x43, 0xff, 0x72, 0xff, 0x3d, 0xff, 0x90, 0xff,
    0x44, 0xff, 0x9a, 0xff, 0x44, 0xff, 0x82, 0xff, 0x29, 0xb2, 0x58, 0xff, 0x3b, 0xeb, 0x7a, 0xff,
    0x27, 0xe7, 0x6b, 0xff, 0x23, 0xa7, 0x49, 0xff, 0x1f, 0x74, 0x3f, 0xff, 0x30, 0xc5, 0x71, 0xff,
    0x42, 0xe6, 0x7c, 0xff, 0x23, 0x77, 0x3d, 0xff, 0x1e, 0x9c, 0x49, 0xff, 0x3a, 0xeb, 0x83, 0xff,
    0x3f, 0xf5, 0x84, 0xff, 0x28, 0xb9, 0x58, 0xff, 0x30, 0xff, 0x87, 0xff, 0x35, 0xff, 0x9d, 0xff,
    0x3d, 0xff, 0x7e, 0xff, 0x3f, 0xe8, 0x73, 0xff, 0x62, 0xff, 0xaf, 0xff, 0x5e, 0xff, 0x9e, 0xff,
    0x4c, 0xbd, 0x6d, 0xff, 0x20, 0x68, 0x40, 0xff, 0x39, 0xb8, 0x6a, 0xff, 0x4c, 0xf9, 0x8b, 0xff,
    0x53, 0xff, 0x9e, 0xff, 0x41, 0xd2, 0x7c, 0xff, 0x3b, 0xbb, 0x5e, 0xff, 0x3d, 0x80, 0x5a, 0xff,
    0x53, 0x92, 0x7c, 0xff, 0x64, 0xb3, 0x99, 0xff, 0x6b, 0xcd, 0x8d, 0xff, 0x1a, 0x53, 0x2f, 0xad,
    0x00, 0x00, 0x00, 0x00, 0x06, 0x2e, 0x14, 0x03, 0x00, 0x00, 0x00, 0x00, 0x00, 0x00, 0x00, 0x00,
    0x00, 0x00, 0x00, 0x00, 0x00, 0x00, 0x00, 0x00, 0x00, 0x00, 0x00, 0x00, 0x00, 0x00, 0x00, 0x00,
    0x00, 0x00, 0x00, 0x00, 0x00, 0x00, 0x00, 0x00, 0x00, 0x00, 0x00, 0x00, 0x00, 0x00, 0x00, 0x00,
    0x00, 0x00, 0x00, 0x00, 0x06, 0x2e, 0x14, 0x01, 0x06, 0x2e, 0x14, 0x03, 0x07, 0x2e, 0x15, 0x23,
    0x5c, 0xcd, 0x7b, 0xff, 0x5e, 0xc0, 0x7e, 0xff, 0x44, 0x99, 0x66, 0xff, 0x3f, 0x9f, 0x68, 0xff,
    0x3d, 0xdb, 0x78, 0xff, 0x4b, 0xff, 0x83, 0xff, 0x4c, 0xff, 0x92, 0xff, 0x3e, 0xc9, 0x7a, 0xff,
    0x44, 0xbc, 0x6e, 0xff, 0x5b, 0xe8, 0x7e, 0xff, 0x6a, 0xff, 0xa3, 0xff, 0x6f, 0xff, 0xbb, 0xff,
    0x48, 0xff, 0x96, 0xff, 0x27, 0xef, 0x6b, 0xff, 0x06, 0x2e, 0x14, 0xff, 0x13, 0x63, 0x2f, 0xff,
    0x3a, 0xd5, 0x68, 0xff, 0x35, 0xd0, 0x78, 0xff, 0x3a, 0xed, 0x83, 0xff, 0x2d, 0xc3, 0x5e, 0xff,
    0x3a, 0xff, 0x7c, 0xff, 0x3f, 0xf5, 0x6e, 0xff, 0x42, 0xdd, 0x73, 0xff, 0x44, 0xf3, 0x85, 0xff,
    0x47, 0xf8, 0x7f, 0xff, 0x3b, 0xd7, 0x69, 0xff, 0x42, 0xfe, 0x7c, 0xff, 0x4e, 0xff, 0x91, 0xff,
    0x34, 0xc4, 0x6a, 0xff, 0x3e, 0xed, 0x87, 0xff, 0x36, 0xd3, 0x75, 0xff, 0x2d, 0xd2, 0x60, 0xff,
    0x1b, 0x87, 0x38, 0xff, 0x06, 0x2e, 0x14, 0xff, 0x27, 0xe2, 0x64, 0xff, 0x3e, 0xff, 0x90, 0xff,
    0x69, 0xff, 0xb3, 0xff, 0x72, 0xff, 0x9f, 0xff, 0x5b, 0xe7, 0x90, 0xff, 0x3f, 0x92, 0x5f, 0xff,
    0x47, 0xce, 0x85, 0xff, 0x4c, 0xf7, 0x99, 0xff, 0x4a, 0xff, 0x99, 0xff, 0x55, 0xda, 0x84, 0xff,
    0x48, 0xa9, 0x70, 0xff, 0x50, 0x99, 0x7b, 0xff, 0x6b, 0xb9, 0x95, 0xff, 0x66, 0xce, 0x84, 0xff,
    0x08, 0x30, 0x16, 0x3d, 0x06, 0x2e, 0x14, 0x03, 0x06, 0x2e, 0x14, 0x01, 0x00, 0x00, 0x00, 0x00,
    0x00, 0x00, 0x00, 0x00, 0x00, 0x00, 0x00, 0x00, 0x00, 0x00, 0x00, 0x00, 0x00, 0x00, 0x00, 0x00,
    0x00, 0x00, 0x00, 0x00, 0x00, 0x00, 0x00, 0x00, 0x00, 0x00, 0x00, 0x00, 0x00, 0x00, 0x00, 0x00,
    0x00, 0x00, 0x00, 0x00, 0x06, 0x2e, 0x14, 0x04, 0x00, 0x00, 0x00, 0x00, 0x42, 0x8d, 0x61, 0xec,
    0x55, 0xc4, 0x85, 0xff, 0x53, 0xbf, 0x7e, 0xff, 0x57, 0xf3, 0x7f, 0xff, 0x54, 0xff, 0x94, 0xff,
    0x48, 0xff, 0x89, 0xff, 0x2e, 0xc1, 0x5d, 0xff, 0x33, 0xab, 0x5c, 0xff, 0x59, 0xec, 0x8c, 0xff,
    0x83, 0xff, 0xac, 0xff, 0x73, 0xff, 0xb4, 0xff, 0x42, 0xdb, 0x73, 0xff, 0x0b, 0x48, 0x20, 0xff,
    0x06, 0x2d, 0x14, 0xff, 0x16, 0x70, 0x34, 0xff, 0x20, 0x66, 0x37, 0xff, 0x43, 0xda, 0x7a, 0xff,
    0x4a, 0xc5, 0x6f, 0xff, 0x37, 0xa3, 0x62, 0xff, 0x1f, 0x69, 0x3c, 0xff, 0x2d, 0x82, 0x51, 0xff,
    0x65, 0xff, 0x9c, 0xff, 0x51, 0xff, 0x8f, 0xff, 0x44, 0xeb, 0x73, 0xff, 0x31, 0xb8, 0x5e, 0xff,
    0x2a, 0xc0, 0x61, 0xff, 0x3e, 0xed, 0x76, 0xff, 0x59, 0xff, 0x90, 0xff, 0x60, 0xff, 0x9f, 0xff,
    0x2c, 0x8f, 0x4e, 0xff, 0x1f, 0x68, 0x3f, 0xff, 0x37, 0xa5, 0x61, 0xff, 0x3d, 0xb9, 0x6b, 0xff,
    0x3e, 0xc0, 0x62, 0xff, 0x20, 0x6e, 0x38, 0xff, 0x13, 0x6c, 0x29, 0xff, 0x06, 0x2d, 0x14, 0xff,
    0x0b, 0x45, 0x21, 0xff, 0x36, 0xd5, 0x68, 0xff, 0x61, 0xff, 0xab, 0xff, 0x85, 0xff, 0xaf, 0xff,
    0x69, 0xf9, 0x96, 0xff, 0x3f, 0x9f, 0x70, 0xff, 0x2f, 0x9f, 0x60, 0xff, 0x61, 0xff, 0x96, 0xff,
    0x55, 0xff, 0x94, 0xff, 0x57, 0xf0, 0x8b, 0xff, 0x5c, 0xc0, 0x8c, 0xff, 0x69, 0xc8, 0x8b, 0xff,
    0x3c, 0x90, 0x57, 0xf2, 0x00, 0x00, 0x00, 0x00, 0x06, 0x2e, 0x14, 0x04, 0x00, 0x00, 0x00, 0x00,
    0x00, 0x00, 0x00, 0x00, 0x00, 0x00, 0x00, 0x00, 0x00, 0x00, 0x00, 0x00, 0x00, 0x00, 0x00, 0x00,
    0x00, 0x00, 0x00, 0x00, 0x00, 0x00, 0x00, 0x00, 0x00, 0x00, 0x00, 0x00, 0x00, 0x00, 0x00, 0x00,
    0x06, 0x2e, 0x14, 0x03, 0x00, 0x00, 0x00, 0x00, 0x21, 0x59, 0x33, 0xaa, 0x69, 0xff, 0x95, 0xff,
    0x51, 0xe4, 0x88, 0xff, 0x60, 0xff, 0xa1, 0xff, 0x47, 0xf0, 0x7e, 0xff, 0x38, 0xa7, 0x5e, 0xff,
    0x3f, 0xbd, 0x6b, 0xff, 0x54, 0xea, 0x83, 0xff, 0x80, 0xff, 0xaa, 0xff, 0x7b, 0xff, 0xa2, 0xff,
    0x42, 0xca, 0x66, 0xff, 0x09, 0x34, 0x17, 0xff, 0x06, 0x2e, 0x14, 0xff, 0x06, 0x2d, 0x14, 0xff,
    0x13, 0x59, 0x26, 0xff, 0x37, 0xbc, 0x5c, 0xff, 0x31, 0x97, 0x56, 0xff, 0x44, 0xce, 0x76, 0xff,
    0x30, 0x8f, 0x52, 0xfe, 0x13, 0x3c, 0x24, 0xfd, 0x13, 0x3a, 0x22, 0xfd, 0x24, 0x68, 0x46, 0xfe,
    0x3e, 0xec, 0x8c, 0xff, 0x2d, 0x88, 0x52, 0xff, 0x1d, 0x64, 0x31, 0xff, 0x07, 0x36, 0x19, 0xfe,
    0x07, 0x37, 0x1a, 0xfe, 0x14, 0x5b, 0x32, 0xfe, 0x34, 0x84, 0x50, 0xff, 0x4b, 0xde, 0x7e, 0xff,
    0x28, 0x77, 0x44, 0xfe, 0x14, 0x3c, 0x24, 0xfd, 0x16, 0x43, 0x29, 0xfd, 0x2d, 0x80, 0x55, 0xfe,
    0x48, 0xc0, 0x73, 0xff, 0x2d, 0x88, 0x4c, 0xff, 0x2a, 0xb3, 0x57, 0xff, 0x10, 0x60, 0x24, 0xff,
    0x06, 0x2d, 0x13, 0xff, 0x06, 0x2e, 0x14, 0xff, 0x06, 0x30, 0x15, 0xff, 0x31, 0xbb, 0x65, 0xff,
    0x6b, 0xff, 0xac, 0xff, 0x7e, 0xff, 0xcc, 0xff, 0x55, 0xdf, 0x95, 0xff, 0x45, 0x9e, 0x68, 0xff,
    0x3a, 0x9f, 0x65, 0xff, 0x53, 0xe8, 0x87, 0xff, 0x68, 0xff, 0xab, 0xff, 0x55, 0xd6, 0x8c, 0xff,
    0x6a, 0xff, 0xa3, 0xff, 0x29, 0x75, 0x44, 0xd1, 0x00, 0x00, 0x00, 0x00, 0x06, 0x2e, 0x14, 0x03,
    0x00, 0x00, 0x00, 0x00, 0x00, 0x00, 0x00, 0x00, 0x00, 0x00, 0x00, 0x00, 0x00, 0x00, 0x00, 0x00,
    0x00, 0x00, 0x00, 0x00, 0x00, 0x00, 0x00, 0x00, 0x00, 0x00, 0x00, 0x00, 0x06, 0x2e, 0x14, 0x01,
    0x06, 0x2e, 0x14, 0x03, 0x07, 0x2d, 0x14, 0x1b, 0x6b, 0xf7, 0x90, 0xff, 0x54, 0xf5, 0x85, 0xff,
    0x42, 0xd9, 0x75, 0xff, 0x44, 0xea, 0x7a, 0xff, 0x3d, 0xa9, 0x5f, 0xff, 0x59, 0xfe, 0x89, 0xff,
    0x73, 0xff, 0xb7, 0xff, 0x68, 0xff, 0xbb, 0xff, 0x37, 0xb6, 0x5e, 0xff, 0x06, 0x2d, 0x14, 0xff,
    0x06, 0x2e, 0x14, 0xff, 0x06, 0x2e, 0x14, 0xff, 0x19, 0x6e, 0x30, 0xff, 0x24, 0x92, 0x48, 0xff,
    0x36, 0x99, 0x52, 0xff, 0x4b, 0xa5, 0x5f, 0xff, 0x5b, 0xd7, 0x7c, 0xff, 0x65, 0xff, 0xa2, 0xff,
    0x51, 0xff, 0x9a, 0xff, 0x4c, 0xff, 0x92, 0xff, 0x61, 0xff, 0x9a, 0xff, 0x5b, 0xff, 0xa7, 0xff,
    0x43, 0xff, 0xa1, 0xff, 0x3b, 0xc3, 0x7b, 0xff, 0x3a, 0xb8, 0x64, 0xff, 0x1f, 0x88, 0x42, 0xff,
    0x1c, 0x84, 0x45, 0xff, 0x2a, 0xb0, 0x5e, 0xff, 0x35, 0xb0, 0x6b, 0xff, 0x4a, 0xff, 0x8f, 0xff,
    0x58, 0xff, 0xa3, 0xff, 0x64, 0xff, 0xab, 0xff, 0x69, 0xff, 0x9d, 0xff, 0x51, 0xff, 0x92, 0xff,
    0x5e, 0xff, 0x99, 0xff, 0x65, 0xd7, 0x88, 0xff, 0x41, 0x97, 0x68, 0xff, 0x2f, 0x90, 0x4c, 0xff,
    0x26, 0x9f, 0x4c, 0xff, 0x18, 0x70, 0x2d, 0xff, 0x07, 0x2f, 0x14, 0xff, 0x06, 0x2e, 0x14, 0xff,
    0x06, 0x2e, 0x14, 0xff, 0x32, 0xa5, 0x5f, 0xff, 0x6f, 0xff, 0xc8, 0xff, 0x84, 0xff, 0xd2, 0xff,
    0x58, 0xf7, 0x92, 0xff, 0x3e, 0xb4, 0x6a, 0xff, 0x42, 0xd5, 0x7a, 0xff, 0x3f, 0xcc, 0x7a, 0xff,
    0x58, 0xe7, 0x91, 0xff, 0x6e, 0xff, 0x95, 0xff, 0x08, 0x2e, 0x15, 0x2a, 0x06, 0x2e, 0x14, 0x03,
    0x06, 0x2e, 0x14, 0x01, 0x00, 0x00, 0x00, 0x00, 0x00, 0x00, 0x00, 0x00, 0x00, 0x00, 0x00, 0x00,
    0x00, 0x00, 0x00, 0x00, 0x00, 0x00, 0x00, 0x00, 0x00, 0x00, 0x00, 0x00, 0x06, 0x2e, 0x14, 0x04,
    0x00, 0x00, 0x00, 0x00, 0x50, 0xb7, 0x69, 0xff, 0x66, 0xed, 0x83, 0xff, 0x39, 0xbb, 0x60, 0xff,
    0x44, 0xe2, 0x6f, 0xff, 0x61, 0xff, 0x84, 0xff, 0x71, 0xff, 0xae, 0xff, 0x58, 0xff, 0xa5, 0xff,
    0x34, 0xef, 0x7b, 0xff, 0x1c, 0xb9, 0x64, 0xff, 0x06, 0x2e, 0x14, 0xff, 0x0a, 0x30, 0x17, 0xff,
    0x22, 0x61, 0x33, 0xff, 0x44, 0xb7, 0x64, 0xff, 0x39, 0x8d, 0x4f, 0xff, 0x55, 0xc3, 0x7a, 0xff,
    0x6d, 0xff, 0x9f, 0xff, 0x80, 0xff, 0xbb, 0xff, 0x62, 0xff, 0xae, 0xff, 0x35, 0xe7, 0x7b, 0xff,
    0x25, 0xc8, 0x6d, 0xff, 0x1a, 0xb9, 0x62, 0xff, 0x1b, 0xb7, 0x55, 0xff, 0x3b, 0xeb, 0x7b, 0xff,
    0x4e, 0xff, 0xbc, 0xff, 0x4b, 0xff, 0xab, 0xff, 0x4b, 0xff, 0xa7, 0xff, 0x44, 0xff, 0xa3, 0xff,
    0x42, 0xff, 0xa1, 0xff, 0x57, 0xff, 0xaf, 0xff, 0x3f, 0xff, 0xaf, 0xff, 0x41, 0xff, 0xbc, 0xff,
    0x36, 0xf4, 0x82, 0xff, 0x1c, 0xb3, 0x59, 0xff, 0x1a, 0xb7, 0x55, 0xff, 0x23, 0xc6, 0x66, 0xff,
    0x35, 0xe4, 0x7a, 0xff, 0x5b, 0xff, 0xb2, 0xff, 0x75, 0xff, 0xbf, 0xff, 0x6e, 0xff, 0x99, 0xff,
    0x47, 0xc0, 0x6a, 0xff, 0x2f, 0x8d, 0x54, 0xff, 0x3e, 0xbc, 0x6d, 0xff, 0x1e, 0x6b, 0x36, 0xff,
    0x0b, 0x33, 0x19, 0xff, 0x06, 0x2e, 0x14, 0xff, 0x21, 0x9c, 0x4f, 0xff, 0x37, 0xef, 0x80, 0xff,
    0x59, 0xff, 0xab, 0xff, 0x7b, 0xff, 0xc3, 0xff, 0x66, 0xff, 0x9a, 0xff, 0x44, 0xce, 0x82, 0xff,
    0x4c, 0xa9, 0x7b, 0xff, 0x6e, 0xfa, 0x9c, 0xff, 0x46, 0xb6, 0x68, 0xff, 0x00, 0x00, 0x00, 0x00,
    0x06, 0x2e, 0x14, 0x04, 0x00, 0x00, 0x00, 0x00, 0x00, 0x00, 0x00, 0x00, 0x00, 0x00, 0x00, 0x00,
    0x00, 0x00, 0x00, 0x00, 0x00, 0x00, 0x00, 0x00, 0x06, 0x2e, 0x14, 0x02, 0x06, 0x2e, 0x14, 0x01,
    0x17, 0x44, 0x23, 0x87, 0x6f, 0xda, 0x8c, 0xff, 0x54, 0xdb, 0x89, 0xff, 0x61, 0xff, 0x95, 0xff,
    0x73, 0xff, 0xa3, 0xff, 0x5b, 0xff, 0x99, 0xff, 0x25, 0xbd, 0x61, 0xff, 0x06, 0x2e, 0x14, 0xff,
    0x0f, 0x4e, 0x26, 0xff, 0x44, 0xfe, 0x7f, 0xff, 0x2e, 0x6e, 0x3f, 0xff, 0x30, 0x75, 0x44, 0xfe,
    0x4c, 0xc4, 0x6d, 0xff, 0x5e, 0xf9, 0x82, 0xff, 0x6a, 0xff, 0x99, 0xff, 0x72, 0xff, 0xc4, 0xff,
    0x47, 0xff, 0x9a, 0xff, 0x20, 0x90, 0x4a, 0xe6, 0x00, 0x03, 0x02, 0x16, 0x00, 0x00, 0x00, 0x00,
    0x00, 0x00, 0x00, 0x00, 0x00, 0x00, 0x00, 0x00, 0x00, 0x00, 0x00, 0x00, 0x00, 0x00, 0x00, 0x00,
    0x08, 0x36, 0x1a, 0x4e, 0x0e, 0x43, 0x21, 0x7e, 0x09, 0x35, 0x17, 0x53, 0x06, 0x2d, 0x14, 0x12,
    0x06, 0x2d, 0x14, 0x10, 0x0a, 0x32, 0x18, 0x42, 0x0d, 0x42, 0x20, 0x7c, 0x09, 0x3a, 0x1c, 0x60,
    0x00, 0x00, 0x00, 0x00, 0x00, 0x00, 0x00, 0x00, 0x00, 0x00, 0x00, 0x00, 0x00, 0x00, 0x00, 0x00,
    0x00, 0x00, 0x00, 0x00, 0x00, 0x01, 0x01, 0x0b, 0x1c, 0x87, 0x43, 0xdc, 0x47, 0xff, 0x9a, 0xff,
    0x68, 0xff, 0xbf, 0xff, 0x5d, 0xff, 0xae, 0xff, 0x66, 0xf9, 0x96, 0xff, 0x4e, 0xbc, 0x77, 0xff,
    0x2e, 0x7b, 0x4c, 0xfe, 0x29, 0x75, 0x47, 0xff, 0x39, 0xea, 0x7c, 0xff, 0x11, 0x5e, 0x2f, 0xff,
    0x06, 0x2e, 0x14, 0xff, 0x29, 0x9e, 0x5f, 0xff, 0x6a, 0xff, 0xaa, 0xff, 0x69, 0xff, 0xaf, 0xff,
    0x66, 0xff, 0xaa, 0xff, 0x62, 0xdb, 0x8f, 0xff, 0x61, 0xe6, 0x96, 0xff, 0x1b, 0x4d, 0x2b, 0x9f,
    0x00, 0x00, 0x00, 0x00, 0x06, 0x2e, 0x14, 0x03, 0x00, 0x00, 0x00, 0x00, 0x00, 0x00, 0x00, 0x00,
    0x00, 0x00, 0x00, 0x00, 0x00, 0x00, 0x00, 0x00, 0x06, 0x2e, 0x14, 0x03, 0x01, 0x02, 0x01, 0x0d,
    0x6d, 0xe6, 0x91, 0xff, 0x60, 0xff, 0x99, 0xff, 0x5c, 0xff, 0xa2, 0xff, 0x58, 0xff, 0x91, 0xff,
    0x32, 0xd1, 0x61, 0xff, 0x20, 0xec, 0x6f, 0xff, 0x13, 0xb9, 0x57, 0xff, 0x0d, 0x3b, 0x1b, 0xff,
    0x27, 0x99, 0x46, 0xff, 0x42, 0xb0, 0x57, 0xff, 0x34, 0x87, 0x51, 0xff, 0x57, 0xff, 0x8f, 0xff,
    0x7c, 0xff, 0xc5, 0xff, 0x60, 0xff, 0xb4, 0xff, 0x41, 0xf0, 0x7e, 0xff, 0x0c, 0x4f, 0x26, 0x93,
    0x00, 0x00, 0x00, 0x00, 0x00, 0x00, 0x00, 0x00, 0x06, 0x2e, 0x14, 0x02, 0x06, 0x2e, 0x14, 0x04,
    0x06, 0x2e, 0x14, 0x04, 0x06, 0x2e, 0x14, 0x03, 0x06, 0x2e, 0x14, 0x03, 0x06, 0x2e, 0x14, 0x04,
    0x00, 0x00, 0x00, 0x00, 0x00, 0x00, 0x00, 0x00, 0x00, 0x00, 0x00, 0x00, 0x00, 0x00, 0x00, 0x00,
    0x00, 0x00, 0x00, 0x00, 0x00, 0x00, 0x00, 0x00, 0x00, 0x00, 0x00, 0x00, 0x00, 0x00, 0x00, 0x00,
    0x06, 0x2e, 0x14, 0x04, 0x06, 0x2e, 0x14, 0x03, 0x06, 0x2e, 0x14, 0x03, 0x06, 0x2e, 0x14, 0x04,
    0x06, 0x2e, 0x14, 0x04, 0x06, 0x2e, 0x14, 0x03, 0x00, 0x00, 0x00, 0x00, 0x00, 0x00, 0x00, 0x00,
    0x0a, 0x4a, 0x25, 0x88, 0x32, 0xec, 0x87, 0xff, 0x58, 0xff, 0xaf, 0xff, 0x64, 0xff, 0xc4, 0xff,
    0x5d, 0xff, 0x92, 0xff, 0x2e, 0x7b, 0x45, 0xff, 0x2f, 0xa7, 0x52, 0xff, 0x24, 0x95, 0x4b, 0xff,
    0x09, 0x34, 0x16, 0xff, 0x0f, 0x61, 0x30, 0xff, 0x25, 0xf5, 0x7a, 0xff, 0x2d, 0xd6, 0x69, 0xff,
    0x5d, 0xff, 0xa9, 0xff, 0x71, 0xff, 0xae, 0xff, 0x65, 0xff, 0xa5, 0xff, 0x5b, 0xda, 0x8c, 0xff,
    0x07, 0x2e, 0x15, 0x24, 0x06, 0x2e, 0x14, 0x03, 0x06, 0x2e, 0x14, 0x01, 0x00, 0x00, 0x00, 0x00,
    0x00, 0x00, 0x00, 0x00, 0x06, 0x2e, 0x14, 0x03, 0x00, 0x00, 0x00, 0x00, 0x4a, 0xbd, 0x71, 0xff,
    0x69, 0xff, 0xa6, 0xff, 0x41, 0xff, 0x85, 0xff, 0x39, 0xff, 0x8d, 0xff, 0x20, 0xff, 0x84, 0xff,
    0x17, 0xfd, 0x80, 0xff, 0x1c, 0xff, 0x7e, 0xff, 0x20, 0xf3, 0x72, 0xff, 0x4b, 0xa7, 0x65, 0xff,
    0x47, 0xce, 0x72, 0xff, 0x51, 0xff, 0x91, 0xff, 0x6a, 0xff, 0xb6, 0xff, 0x5b, 0xff, 0xb3, 0xff,
    0x35, 0xc3, 0x6d, 0xff, 0x07, 0x34, 0x17, 0x47, 0x00, 0x00, 0x00, 0x00, 0x00, 0x00, 0x00, 0x00,
    0x06, 0x2e, 0x14, 0x04, 0x06, 0x2e, 0x14, 0x02, 0x00, 0x00, 0x00, 0x00, 0x00, 0x00, 0x00, 0x00,
    0x00, 0x00, 0x00, 0x00, 0x00, 0x00, 0x00, 0x00, 0x00, 0x00, 0x00, 0x00, 0x00, 0x00, 0x00, 0x00,
    0x06, 0x2e, 0x14, 0x01, 0x06, 0x2e, 0x14, 0x01, 0x06, 0x2e, 0x14, 0x01, 0x06, 0x2e, 0x14, 0x01,
    0x06, 0x2e, 0x14, 0x01, 0x06, 0x2e, 0x14, 0x01, 0x06, 0x2e, 0x14, 0x01, 0x06, 0x2e, 0x14, 0x01,
    0x00, 0x00, 0x00, 0x00, 0x00, 0x00, 0x00, 0x00, 0x00, 0x00, 0x00, 0x00, 0x00, 0x00, 0x00, 0x00,
    0x00, 0x00, 0x00, 0x00, 0x00, 0x00, 0x00, 0x00, 0x06, 0x2e, 0x14, 0x02, 0x06, 0x2e, 0x14, 0x04,
    0x00, 0x00, 0x00, 0x00, 0x00, 0x00, 0x00, 0x00, 0x01, 0x0d, 0x06, 0x39, 0x23, 0xbb, 0x66, 0xff,
    0x4f, 0xff, 0xa7, 0xff, 0x5d, 0xff, 0xc1, 0xff, 0x59, 0xff, 0x99, 0xff, 0x4c, 0xd3, 0x77, 0xff,
    0x30, 0x99, 0x4e, 0xff, 0x2c, 0xea, 0x80, 0xff, 0x1c, 0xff, 0x8f, 0xff, 0x12, 0xfc, 0x84, 0xff,
    0x2a, 0xff, 0x8b, 0xff, 0x4b, 0xff, 0xa2, 0xff, 0x4f, 0xff, 0x9c, 0xff, 0x53, 0xff, 0xa3, 0xff,
    0x41, 0xd3, 0x76, 0xff, 0x00, 0x00, 0x00, 0x00, 0x06, 0x2e, 0x14, 0x04, 0x00, 0x00, 0x00, 0x00,
    0x06, 0x2e, 0x14, 0x02, 0x06, 0x2e, 0x14, 0x01, 0x0f, 0x40, 0x21, 0x7a, 0x5b, 0xff, 0xa6, 0xff,
    0x3a, 0xff, 0x85, 0xff, 0x31, 0xd7, 0x68, 0xff, 0x31, 0xff, 0x77, 0xff, 0x31, 0xff, 0x84, 0xff,
    0x25, 0xe8, 0x7c, 0xff, 0x37, 0xff, 0x99, 0xff, 0x59, 0xff, 0x9d, 0xff, 0x6e, 0xff, 0xb3, 0xff,
    0x68, 0xff, 0xc0, 0xff, 0x42, 0xff, 0x94, 0xff, 0x1c, 0x84, 0x44, 0xda, 0x00, 0x01, 0x00, 0x08,
    0x00, 0x00, 0x00, 0x00, 0x00, 0x00, 0x00, 0x00, 0x06, 0x2e, 0x14, 0x04, 0x06, 0x2e, 0x14, 0x01,
    0x00, 0x00, 0x00, 0x00, 0x00, 0x00, 0x00, 0x00, 0x00, 0x00, 0x00, 0x00, 0x00, 0x00, 0x00, 0x00,
    0x00, 0x00, 0x00, 0x00, 0x00, 0x00, 0x00, 0x00, 0x00, 0x00, 0x00, 0x00, 0x00, 0x00, 0x00, 0x00,
    0x00, 0x00, 0x00, 0x00, 0x00, 0x00, 0x00, 0x00, 0x00, 0x00, 0x00, 0x00, 0x00, 0x00, 0x00, 0x00,
    0x00, 0x00, 0x00, 0x00, 0x00, 0x00, 0x00, 0x00, 0x00, 0x00, 0x00, 0x00, 0x00, 0x00, 0x00, 0x00,
    0x00, 0x00, 0x00, 0x00, 0x00, 0x00, 0x00, 0x00, 0x00, 0x00, 0x00, 0x00, 0x00, 0x00, 0x00, 0x00,
    0x00, 0x00, 0x00, 0x00, 0x00, 0x00, 0x00, 0x00, 0x00, 0x00, 0x00, 0x00, 0x00, 0x00, 0x00, 0x00,
    0x06, 0x2e, 0x14, 0x01, 0x06, 0x2e, 0x14, 0x03, 0x06, 0x2e, 0x14, 0x01, 0x00, 0x00, 0x00, 0x00,
    0x00, 0x00, 0x00, 0x00, 0x15, 0x75, 0x3e, 0xc9, 0x3d, 0xff, 0x96, 0xff, 0x59, 0xff, 0xbd, 0xff,
    0x6a, 0xff, 0xac, 0xff, 0x5c, 0xff, 0xa9, 0xff, 0x3d, 0xff, 0x9e, 0xff, 0x21, 0xf0, 0x8f, 0xff,
    0x2a, 0xff, 0x89, 0xff, 0x41, 0xff, 0x8b, 0xff, 0x30, 0xd2, 0x7a, 0xff, 0x32, 0xff, 0x72, 0xff,
    0x4e, 0xff, 0xa5, 0xff, 0x17, 0x4d, 0x2d, 0x98, 0x00, 0x00, 0x00, 0x00, 0x06, 0x2e, 0x14, 0x03,
    0x06, 0x2e, 0x14, 0x03, 0x00, 0x00, 0x00, 0x00, 0x5b, 0xff, 0x92, 0xff, 0x62, 0xff, 0xbb, 0xff,
    0x35, 0xf0, 0x72, 0xff, 0x37, 0xeb, 0x6a, 0xff, 0x34, 0xe0, 0x72, 0xff, 0x46, 0xfd, 0x7e, 0xff,
    0x42, 0xff, 0x8c, 0xff, 0x64, 0xff, 0xbb, 0xff, 0x62, 0xff, 0xb6, 0xff, 0x36, 0xe3, 0x7c, 0xff,
    0x0c, 0x47, 0x23, 0x82, 0x00, 0x00, 0x00, 0x00, 0x00, 0x00, 0x00, 0x00, 0x06, 0x2e, 0x14, 0x03,
    0x06, 0x2e, 0x14, 0x03, 0x00, 0x00, 0x00, 0x00, 0x00, 0x00, 0x00, 0x00, 0x00, 0x00, 0x00, 0x00,
    0x00, 0x00, 0x00, 0x00, 0x00, 0x00, 0x00, 0x00, 0x00, 0x00, 0x00, 0x00, 0x00, 0x00, 0x00, 0x00,
    0x00, 0x00, 0x00, 0x00, 0x00, 0x00, 0x00, 0x00, 0x00, 0x00, 0x00, 0x00, 0x00, 0x00, 0x00, 0x00,
    0x00, 0x00, 0x00, 0x00, 0x00, 0x00, 0x00, 0x00, 0x00, 0x00, 0x00, 0x00, 0x00, 0x00, 0x00, 0x00,
    0x00, 0x00, 0x00, 0x00, 0x00, 0x00, 0x00, 0x00, 0x00, 0x00, 0x00, 0x00, 0x00, 0x00, 0x00, 0x00,
    0x00, 0x00, 0x00, 0x00, 0x00, 0x00, 0x00, 0x00, 0x00, 0x00, 0x00, 0x00, 0x00, 0x00, 0x00, 0x00,
    0x00, 0x00, 0x00, 0x00, 0x00, 0x00, 0x00, 0x00, 0x00, 0x00, 0x00, 0x00, 0x00, 0x00, 0x00, 0x00,
    0x00, 0x00, 0x00, 0x00, 0x00, 0x00, 0x00, 0x00, 0x00, 0x00, 0x00, 0x00, 0x06, 0x2e, 0x14, 0x03,
    0x06, 0x2e, 0x14, 0x03, 0x00, 0x00, 0x00, 0x00, 0x00, 0x00, 0x00, 0x00, 0x0a, 0x43, 0x21, 0x78,
    0x31, 0xe3, 0x7c, 0xff, 0x58, 0xff, 0xb0, 0xff, 0x66, 0xff, 0xb4, 0xff, 0x66, 0xff, 0xab, 0xff,
    0x47, 0xe6, 0x88, 0xff, 0x4a, 0xea, 0x82, 0xff, 0x3d, 0xec, 0x83, 0xff, 0x32, 0xec, 0x72, 0xff,
    0x59, 0xff, 0xc1, 0xff, 0x5b, 0xff, 0xa5, 0xff, 0x07, 0x2d, 0x14, 0x1a, 0x06, 0x2e, 0x14, 0x02,
    0x00, 0x00, 0x00, 0x00, 0x1a, 0x4e, 0x28, 0xa5, 0x77, 0xff, 0xa5, 0xff, 0x3d, 0xbb, 0x71, 0xff,
    0x2d, 0xda, 0x72, 0xff, 0x43, 0xff, 0x82, 0xff, 0x5b, 0xff, 0xa1, 0xff, 0x5d, 0xff, 0xb8, 0xff,
    0x43, 0xff, 0x9c, 0xff, 0x2a, 0xb2, 0x5c, 0xff, 0x01, 0x0b, 0x05, 0x32, 0x00, 0x00, 0x00, 0x00,
    0x00, 0x00, 0x00, 0x00, 0x06, 0x2e, 0x14, 0x04, 0x06, 0x2e, 0x14, 0x02, 0x00, 0x00, 0x00, 0x00,
    0x00, 0x00, 0x00, 0x00, 0x00, 0x00, 0x00, 0x00, 0x00, 0x00, 0x00, 0x00, 0x00, 0x00, 0x00, 0x00,
    0x00, 0x00, 0x00, 0x00, 0x00, 0x00, 0x00, 0x00, 0x00, 0x00, 0x00, 0x00, 0x00, 0x00, 0x00, 0x00,
    0x00, 0x00, 0x00, 0x00, 0x00, 0x00, 0x00, 0x00, 0x00, 0x00, 0x00, 0x00, 0x00, 0x00, 0x00, 0x00,
    0x00, 0x00, 0x00, 0x00, 0x00, 0x00, 0x00, 0x00, 0x00, 0x00, 0x00, 0x00, 0x00, 0x00, 0x00, 0x00,
    0x00, 0x00, 0x00, 0x00, 0x00, 0x00, 0x00, 0x00, 0x00, 0x00, 0x00, 0x00, 0x00, 0x00, 0x00, 0x00,
    0x00, 0x00, 0x00, 0x00, 0x00, 0x00, 0x00, 0x00, 0x00, 0x00, 0x00, 0x00, 0x00, 0x00, 0x00, 0x00,
    0x00, 0x00, 0x00, 0x00, 0x00, 0x00, 0x00, 0x00, 0x00, 0x00, 0x00, 0x00, 0x00, 0x00, 0x00, 0x00,
    0x00, 0x00, 0x00, 0x00, 0x00, 0x00, 0x00, 0x00, 0x00, 0x00, 0x00, 0x00, 0x00, 0x00, 0x00, 0x00,
    0x00, 0x00, 0x00, 0x00, 0x06, 0x2e, 0x14, 0x02, 0x06, 0x2e, 0x14, 0x04, 0x00, 0x00, 0x00, 0x00,
    0x00, 0x00, 0x00, 0x00, 0x01, 0x09, 0x04, 0x2c, 0x27, 0xb0, 0x59, 0xff, 0x4c, 0xff, 0x99, 0xff,
    0x61, 0xff, 0xb3, 0xff, 0x73, 0xff, 0xac, 0xff, 0x5c, 0xff, 0x8f, 0xff, 0x3e, 0xd7, 0x6e, 0xff,
    0x48, 0xd0, 0x80, 0xff, 0x77, 0xff, 0xdb, 0xff, 0x23, 0x75, 0x42, 0xd6, 0x00, 0x00, 0x00, 0x00,
    0x00, 0x00, 0x00, 0x00, 0x24, 0x69, 0x41, 0xd4, 0x50, 0xeb, 0x8f, 0xff, 0x4a, 0xc9, 0x6a, 0xff,
    0x5e, 0xff, 0xab, 0xff, 0x64, 0xff, 0xa9, 0xff, 0x47, 0xff, 0x8b, 0xff, 0x16, 0x6c, 0x38, 0xbf,
    0x00, 0x00, 0x00, 0x00, 0x00, 0x00, 0x00, 0x00, 0x06, 0x2e, 0x14, 0x01, 0x06, 0x2e, 0x14, 0x03,
    0x06, 0x2e, 0x14, 0x01, 0x00, 0x00, 0x00, 0x00, 0x00, 0x00, 0x00, 0x00, 0x00, 0x00, 0x00, 0x00,
    0x00, 0x00, 0x00, 0x00, 0x00, 0x00, 0x00, 0x00, 0x00, 0x00, 0x00, 0x00, 0x00, 0x00, 0x00, 0x00,
    0x00, 0x00, 0x00, 0x00, 0x00, 0x00, 0x00, 0x00, 0x00, 0x00, 0x00, 0x00, 0x00, 0x00, 0x00, 0x00,
    0x00, 0x00, 0x00, 0x00, 0x00, 0x00, 0x00, 0x00, 0x00, 0x00, 0x00, 0x00, 0x00, 0x00, 0x00, 0x00,
    0x00, 0x00, 0x00, 0x00, 0x00, 0x00, 0x00, 0x00, 0x00, 0x00, 0x00, 0x00, 0x00, 0x00, 0x00, 0x00,
    0x00, 0x00, 0x00, 0x00, 0x00, 0x00, 0x00, 0x00, 0x00, 0x00, 0x00, 0x00, 0x00, 0x00, 0x00, 0x00,
    0x00, 0x00, 0x00, 0x00, 0x00, 0x00, 0x00, 0x00, 0x00, 0x00, 0x00, 0x00, 0x00, 0x00, 0x00, 0x00,
    0x00, 0x00, 0x00, 0x00, 0x00, 0x00, 0x00, 0x00, 0x00, 0x00, 0x00, 0x00, 0x00, 0x00, 0x00, 0x00,
    0x00, 0x00, 0x00, 0x00, 0x00, 0x00, 0x00, 0x00, 0x00, 0x00, 0x00, 0x00, 0x00, 0x00, 0x00, 0x00,
    0x00, 0x00, 0x00, 0x00, 0x00, 0x00, 0x00, 0x00, 0x00, 0x00, 0x00, 0x00, 0x06, 0x2e, 0x14, 0x01,
    0x06, 0x2e, 0x14, 0x03, 0x06, 0x2e, 0x14, 0x01, 0x00, 0x00, 0x00, 0x00, 0x00, 0x00, 0x00, 0x00,
    0x12, 0x63, 0x30, 0xb1, 0x4b, 0xff, 0x8d, 0xff, 0x69, 0xff, 0xb7, 0xff, 0x64, 0xff, 0xb6, 0xff,
    0x54, 0xdf, 0x83, 0xff, 0x4f, 0xf7, 0x99, 0xff, 0x2b, 0x92, 0x5d, 0xf2, 0x00, 0x00, 0x00, 0x00,
    0x00, 0x00, 0x00, 0x00, 0x4e, 0xe8, 0x83, 0xff, 0x6d, 0xff, 0xb2, 0xff, 0x5d, 0xff, 0x90, 0xff,
    0x32, 0xce, 0x65, 0xff, 0x0a, 0x3d, 0x1c, 0x68, 0x00, 0x00, 0x00, 0x00, 0x00, 0x00, 0x00, 0x00,
    0x06, 0x2e, 0x14, 0x03, 0x06, 0x2e, 0x14, 0x02, 0x00, 0x00, 0x00, 0x00, 0x00, 0x00, 0x00, 0x00,
    0x00, 0x00, 0x00, 0x00, 0x00, 0x00, 0x00, 0x00, 0x00, 0x00, 0x00, 0x00, 0x00, 0x00, 0x00, 0x00,
    0x00, 0x00, 0x00, 0x00, 0x00, 0x00, 0x00, 0x00, 0x00, 0x00, 0x00, 0x00, 0x00, 0x00, 0x00, 0x00,
    0x00, 0x00, 0x00, 0x00, 0x00, 0x00, 0x00, 0x00, 0x00, 0x00, 0x00, 0x00, 0x00, 0x00, 0x00, 0x00,
    0x00, 0x00, 0x00, 0x00, 0x00, 0x00, 0x00, 0x00, 0x00, 0x00, 0x00, 0x00, 0x00, 0x00, 0x00, 0x00,
    0x00, 0x00, 0x00, 0x00, 0x00, 0x00, 0x00, 0x00, 0x00, 0x00, 0x00, 0x00, 0x00, 0x00, 0x00, 0x00,
    0x00, 0x00, 0x00, 0x00, 0x00, 0x00, 0x00, 0x00, 0x00, 0x00, 0x00, 0x00, 0x00, 0x00, 0x00, 0x00,
    0x00, 0x00, 0x00, 0x00, 0x00, 0x00, 0x00, 0x00, 0x00, 0x00, 0x00, 0x00, 0x00, 0x00, 0x00, 0x00,
    0x00, 0x00, 0x00, 0x00, 0x00, 0x00, 0x00, 0x00, 0x00, 0x00, 0x00, 0x00, 0x00, 0x00, 0x00, 0x00,
    0x00, 0x00, 0x00, 0x00, 0x00, 0x00, 0x00, 0x00, 0x00, 0x00, 0x00, 0x00, 0x00, 0x00, 0x00, 0x00,
    0x00, 0x00, 0x00, 0x00, 0x00, 0x00, 0x00, 0x00, 0x00, 0x00, 0x00, 0x00, 0x00, 0x00, 0x00, 0x00,
    0x00, 0x00, 0x00, 0x00, 0x00, 0x00, 0x00, 0x00, 0x06, 0x2e, 0x14, 0x02, 0x06, 0x2e, 0x14, 0x03,
    0x00, 0x00, 0x00, 0x00, 0x00, 0x00, 0x00, 0x00, 0x09, 0x39, 0x1b, 0x5b, 0x2e, 0xcc, 0x6b, 0xff,
    0x53, 0xff, 0xa2, 0xff, 0x76, 0xff, 0xc1, 0xff, 0x5d, 0xff, 0x92, 0xff, 0x00, 0x00, 0x00, 0x00,
    0x00, 0x00, 0x00, 0x00, 0x2e, 0x88, 0x46, 0xe2, 0x28, 0x80, 0x40, 0xd8, 0x00, 0x02, 0x01, 0x0f,
    0x00, 0x00, 0x00, 0x00, 0x00, 0x00, 0x00, 0x00, 0x06, 0x2e, 0x14, 0x04, 0x06, 0x2e, 0x14, 0x02,
    0x00, 0x00, 0x00, 0x00, 0x00, 0x00, 0x00, 0x00, 0x00, 0x00, 0x00, 0x00, 0x00, 0x00, 0x00, 0x00,
    0x00, 0x00, 0x00, 0x00, 0x00, 0x00, 0x00, 0x00, 0x00, 0x00, 0x00, 0x00, 0x00, 0x00, 0x00, 0x00,
    0x00, 0x00, 0x00, 0x00, 0x00, 0x00, 0x00, 0x00, 0x00, 0x00, 0x00, 0x00, 0x00, 0x00, 0x00, 0x00,
    0x00, 0x00, 0x00, 0x00, 0x00, 0x00, 0x00, 0x00, 0x00, 0x00, 0x00, 0x00, 0x00, 0x00, 0x00, 0x00,
    0x00, 0x00, 0x00, 0x00, 0x00, 0x00, 0x00, 0x00, 0x00, 0x00, 0x00, 0x00, 0x00, 0x00, 0x00, 0x00,
    0x00, 0x00, 0x00, 0x00, 0x00, 0x00, 0x00, 0x00, 0x00, 0x00, 0x00, 0x00, 0x00, 0x00, 0x00, 0x00,
    0x00, 0x00, 0x00, 0x00, 0x00, 0x00, 0x00, 0x00, 0x00, 0x00, 0x00, 0x00, 0x00, 0x00, 0x00, 0x00,
    0x00, 0x00, 0x00, 0x00, 0x00, 0x00, 0x00, 0x00, 0x00, 0x00, 0x00, 0x00, 0x00, 0x00, 0x00, 0x00,
    0x00, 0x00, 0x00, 0x00, 0x00, 0x00, 0x00, 0x00, 0x00, 0x00, 0x00, 0x00, 0x00, 0x00, 0x00, 0x00,
    0x00, 0x00, 0x00, 0x00, 0x00, 0x00, 0x00, 0x00, 0x00, 0x00, 0x00, 0x00, 0x00, 0x00, 0x00, 0x00,
    0x00, 0x00, 0x00, 0x00, 0x00, 0x00, 0x00, 0x00, 0x00, 0x00, 0x00, 0x00, 0x00, 0x00, 0x00, 0x00,
    0x00, 0x00, 0x00, 0x00, 0x00, 0x00, 0x00, 0x00, 0x00, 0x00, 0x00, 0x00, 0x00, 0x00, 0x00, 0x00,
    0x06, 0x2e, 0x14, 0x01, 0x06, 0x2e, 0x14, 0x04, 0x00, 0x00, 0x00, 0x00, 0x00, 0x00, 0x00, 0x00,
    0x00, 0x00, 0x00, 0x04, 0x25, 0x74, 0x42, 0xca, 0x3b, 0x9f, 0x51, 0xf4, 0x00, 0x00, 0x00, 0x00,
    0x00, 0x00, 0x00, 0x00, 0x00, 0x00, 0x00, 0x00, 0x00, 0x00, 0x00, 0x00, 0x06, 0x2e, 0x14, 0x02,
    0x06, 0x2e, 0x14, 0x03, 0x06, 0x2e, 0x14, 0x01, 0x00, 0x00, 0x00, 0x00, 0x00, 0x00, 0x00, 0x00,
    0x00, 0x00, 0x00, 0x00, 0x00, 0x00, 0x00, 0x00, 0x00, 0x00, 0x00, 0x00, 0x00, 0x00, 0x00, 0x00,
    0x00, 0x00, 0x00, 0x00, 0x00, 0x00, 0x00, 0x00, 0x00, 0x00, 0x00, 0x00, 0x00, 0x00, 0x00, 0x00,
    0x00, 0x00, 0x00, 0x00, 0x00, 0x00, 0x00, 0x00, 0x00, 0x00, 0x00, 0x00, 0x00, 0x00, 0x00, 0x00,
    0x00, 0x00, 0x00, 0x00, 0x00, 0x00, 0x00, 0x00, 0x00, 0x00, 0x00, 0x00, 0x00, 0x00, 0x00, 0x00,
    0x00, 0x00, 0x00, 0x00, 0x00, 0x00, 0x00, 0x00, 0x00, 0x00, 0x00, 0x00, 0x00, 0x00, 0x00, 0x00,
    0x00, 0x00, 0x00, 0x00, 0x00, 0x00, 0x00, 0x00, 0x00, 0x00, 0x00, 0x00, 0x00, 0x00, 0x00, 0x00,
    0x00, 0x00, 0x00, 0x00, 0x00, 0x00, 0x00, 0x00, 0x00, 0x00, 0x00, 0x00, 0x00, 0x00, 0x00, 0x00,
    0x00, 0x00, 0x00, 0x00, 0x00, 0x00, 0x00, 0x00, 0x00, 0x00, 0x00, 0x00, 0x00, 0x00, 0x00, 0x00,
    0x00, 0x00, 0x00, 0x00, 0x00, 0x00, 0x00, 0x00, 0x00, 0x00, 0x00, 0x00, 0x00, 0x00, 0x00, 0x00,
    0x00, 0x00, 0x00, 0x00, 0x00, 0x00, 0x00, 0x00, 0x00, 0x00, 0x00, 0x00, 0x00, 0x00, 0x00, 0x00,
    0x00, 0x00, 0x00, 0x00, 0x00, 0x00, 0x00, 0x00, 0x00, 0x00, 0x00, 0x00, 0x00, 0x00, 0x00, 0x00,
    0x00, 0x00, 0x00, 0x00, 0x00, 0x00, 0x00, 0x00, 0x00, 0x00, 0x00, 0x00, 0x00, 0x00, 0x00, 0x00,
    0x00, 0x00, 0x00, 0x00, 0x00, 0x00, 0x00, 0x00, 0x06, 0x2e, 0x14, 0x01, 0x06, 0x2e, 0x14, 0x03,
    0x06, 0x2e, 0x14, 0x03, 0x00, 0x00, 0x00, 0x00, 0x00, 0x00, 0x00, 0x00, 0x00, 0x00, 0x00, 0x00,
    0x00, 0x00, 0x00, 0x00, 0x06, 0x2e, 0x14, 0x03, 0x06, 0x2e, 0x14, 0x02, 0x00, 0x00, 0x00, 0x00,
    0x00, 0x00, 0x00, 0x00, 0x00, 0x00, 0x00, 0x00, 0x00, 0x00, 0x00, 0x00, 0x00, 0x00, 0x00, 0x00,
    0x00, 0x00, 0x00, 0x00, 0x00, 0x00, 0x00, 0x00, 0x00, 0x00, 0x00, 0x00, 0x00, 0x00, 0x00, 0x00,
    0x00, 0x00, 0x00, 0x00, 0x00, 0x00, 0x00, 0x00, 0x00, 0x00, 0x00, 0x00, 0x00, 0x00, 0x00, 0x00,
    0x00, 0x00, 0x00, 0x00, 0x00, 0x00, 0x00, 0x00, 0x00, 0x00, 0x00, 0x00, 0x00, 0x00, 0x00, 0x00,
    0x00, 0x00, 0x00, 0x00, 0x00, 0x00, 0x00, 0x00, 0x00, 0x00, 0x00, 0x00, 0x00, 0x00, 0x00, 0x00,
    0x00, 0x00, 0x00, 0x00, 0x00, 0x00, 0x00, 0x00, 0x00, 0x00, 0x00, 0x00, 0x00, 0x00, 0x00, 0x00,
    0x00, 0x00, 0x00, 0x00, 0x00, 0x00, 0x00, 0x00, 0x00, 0x00, 0x00, 0x00, 0x00, 0x00, 0x00, 0x00,
    0x00, 0x00, 0x00, 0x00, 0x00, 0x00, 0x00, 0x00, 0x00, 0x00, 0x00, 0x00, 0x00, 0x00, 0x00, 0x00,
    0x00, 0x00, 0x00, 0x00, 0x00, 0x00, 0x00, 0x00, 0x00, 0x00, 0x00, 0x00, 0x00, 0x00, 0x00, 0x00,
    0x00, 0x00, 0x00, 0x00, 0x00, 0x00, 0x00, 0x00, 0x00, 0x00, 0x00, 0x00, 0x00, 0x00, 0x00, 0x00,
    0x00, 0x00, 0x00, 0x00, 0x00, 0x00, 0x00, 0x00, 0x00, 0x00, 0x00, 0x00, 0x00, 0x00, 0x00, 0x00,
    0x00, 0x00, 0x00, 0x00, 0x00, 0x00, 0x00, 0x00, 0x00, 0x00, 0x00, 0x00, 0x00, 0x00, 0x00, 0x00,
    0x00, 0x00, 0x00, 0x00, 0x00, 0x00, 0x00, 0x00, 0x00, 0x00, 0x00, 0x00, 0x00, 0x00, 0x00, 0x00,
    0x00, 0x00, 0x00, 0x00, 0x00, 0x00, 0x00, 0x00, 0x00, 0x00, 0x00, 0x00, 0x00, 0x00, 0x00, 0x00,
    0x00, 0x00, 0x00, 0x00, 0x06, 0x2e, 0x14, 0x02, 0x06, 0x2e, 0x14, 0x03, 0x00, 0x00, 0x00, 0x00,
    0x00, 0x00, 0x00, 0x00, 0x00, 0x00, 0x00, 0x00, 0x00, 0x00, 0x00, 0x00, 0x00, 0x00, 0x00, 0x00,
    0x00, 0x00, 0x00, 0x00, 0x00, 0x00, 0x00, 0x00, 0x00, 0x00, 0x00, 0x00, 0x00, 0x00, 0x00, 0x00,
    0x00, 0x00, 0x00, 0x00, 0x00, 0x00, 0x00, 0x00, 0x00, 0x00, 0x00, 0x00, 0x00, 0x00, 0x00, 0x00,
    0x00, 0x00, 0x00, 0x00, 0x00, 0x00, 0x00, 0x00, 0x00, 0x00, 0x00, 0x00, 0x00, 0x00, 0x00, 0x00,
    0x00, 0x00, 0x00, 0x00, 0x00, 0x00, 0x00, 0x00, 0x00, 0x00, 0x00, 0x00, 0x00, 0x00, 0x00, 0x00,
    0x00, 0x00, 0x00, 0x00, 0x00, 0x00, 0x00, 0x00, 0x00, 0x00, 0x00, 0x00, 0x00, 0x00, 0x00, 0x00,
    0x00, 0x00, 0x00, 0x00, 0x00, 0x00, 0x00, 0x00, 0x00, 0x00, 0x00, 0x00, 0x00, 0x00, 0x00, 0x00,
    0x00, 0x00, 0x00, 0x00, 0x00, 0x00, 0x00, 0x00, 0x00, 0x00, 0x00, 0x00, 0x00, 0x00, 0x00, 0x00,
    0x00, 0x00, 0x00, 0x00, 0x00, 0x00, 0x00, 0x00, 0x00, 0x00, 0x00, 0x00, 0x00, 0x00, 0x00, 0x00,
    0x00, 0x00, 0x00, 0x00, 0x00, 0x00, 0x00, 0x00, 0x00, 0x00, 0x00, 0x00, 0x00, 0x00, 0x00, 0x00,
    0x00, 0x00, 0x00, 0x00, 0x00, 0x00, 0x00, 0x00, 0x00, 0x00, 0x00, 0x00, 0x00, 0x00, 0x00, 0x00,
    0x00, 0x00, 0x00, 0x00, 0x00, 0x00, 0x00, 0x00, 0x00, 0x00, 0x00, 0x00, 0x00, 0x00, 0x00, 0x00,
    0x00, 0x00, 0x00, 0x00, 0x00, 0x00, 0x00, 0x00, 0x00, 0x00, 0x00, 0x00, 0x00, 0x00, 0x00, 0x00,
    0x00, 0x00, 0x00, 0x00, 0x00, 0x00, 0x00, 0x00, 0x00, 0x00, 0x00, 0x00, 0x00, 0x00, 0x00, 0x00,
    0x00, 0x00, 0x00, 0x00, 0x00, 0x00, 0x00, 0x00, 0x00, 0x00, 0x00, 0x00, 0x00, 0x00, 0x00, 0x00,
    0x00, 0x00, 0x00, 0x00, 0x00, 0x00, 0x00, 0x00, 0x00, 0x00, 0x00, 0x00, 0x00, 0x00, 0x00, 0x00,
    0x00, 0x00, 0x00, 0x00, 0x00, 0x00, 0x00, 0x00, 0x00, 0x00, 0x00, 0x00, 0x00, 0x00, 0x00, 0x00,
    0x00, 0x00, 0x00, 0x00, 0x00, 0x00, 0x00, 0x00, 0x00, 0x00, 0x00, 0x00, 0x00, 0x00, 0x00, 0x00,
    0x00, 0x00, 0x00, 0x00, 0x00, 0x00, 0x00, 0x00, 0x00, 0x00, 0x00, 0x00, 0x00, 0x00, 0x00, 0x00,
    0x00, 0x00, 0x00, 0x00, 0x00, 0x00, 0x00, 0x00, 0x00, 0x00, 0x00, 0x00, 0x00, 0x00, 0x00, 0x00,
    0x00, 0x00, 0x00, 0x00, 0x00, 0x00, 0x00, 0x00, 0x00, 0x00, 0x00, 0x00, 0x00, 0x00, 0x00, 0x00,
    0x00, 0x00, 0x00, 0x00, 0x00, 0x00, 0x00, 0x00, 0x00, 0x00, 0x00, 0x00, 0x00, 0x00, 0x00, 0x00,
    0x00, 0x00, 0x00, 0x00, 0x00, 0x00, 0x00, 0x00, 0x00, 0x00, 0x00, 0x00, 0x00, 0x00, 0x00, 0x00,
    0x00, 0x00, 0x00, 0x00, 0x00, 0x00, 0x00, 0x00, 0x00, 0x00, 0x00, 0x00, 0x00, 0x00, 0x00, 0x00,
    0x00, 0x00, 0x00, 0x00, 0x00, 0x00, 0x00, 0x00, 0x00, 0x00, 0x00, 0x00, 0x00, 0x00, 0x00, 0x00,
    0x00, 0x00, 0x00, 0x00, 0x00, 0x00, 0x00, 0x00, 0x00, 0x00, 0x00, 0x00, 0x00, 0x00, 0x00, 0x00,
    0x00, 0x00, 0x00, 0x00, 0x00, 0x00, 0x00, 0x00, 0x00, 0x00, 0x00, 0x00, 0x00, 0x00, 0x00, 0x00,
    0x00, 0x00, 0x00, 0x00, 0x00, 0x00, 0x00, 0x00, 0x00, 0x00, 0x00, 0x00, 0x00, 0x00, 0x00, 0x00,
    0x00, 0x00, 0x00, 0x00, 0x00, 0x00, 0x00, 0x00, 0x00, 0x00, 0x00, 0x00, 0x00, 0x00, 0x00, 0x00,
    0x00, 0x00, 0x00, 0x00, 0x00, 0x00, 0x00, 0x00, 0x00, 0x00, 0x00, 0x00, 0x00, 0x00, 0x00, 0x00,
    0x00, 0x00, 0x00, 0x00, 0x00, 0x00, 0x00, 0x00, 0x00, 0x00, 0x00, 0x00, 0x00, 0x00, 0x00, 0x00,
    0x00, 0x00, 0x00, 0x00, 0x00, 0x00, 0x00, 0x00, 0x00, 0x00, 0x00, 0x00, 0x00, 0x00, 0x00, 0x00,
    0x00, 0x00, 0x00, 0x00, 0x00, 0x00, 0x00, 0x00, 0x00, 0x00, 0x00, 0x00, 0x00, 0x00, 0x00, 0x00,
    0x00, 0x00, 0x00, 0x00, 0x00, 0x00, 0x00, 0x00, 0x00, 0x00, 0x00, 0x00, 0x00, 0x00, 0x00, 0x00,
    0x00, 0x00, 0x00, 0x00, 0x00, 0x00, 0x00, 0x00, 0x00, 0x00, 0x00, 0x00, 0x00, 0x00, 0x00, 0x00,
    0x00, 0x00, 0x00, 0x00, 0x00, 0x00, 0x00, 0x00, 0x00, 0x00, 0x00, 0x00, 0x00, 0x00, 0x00, 0x00,
    0x00, 0x00, 0x00, 0x00, 0x00, 0x00, 0x00, 0x00, 0x00, 0x00, 0x00, 0x00, 0x00, 0x00, 0x00, 0x00,
    0x00, 0x00, 0x00, 0x00, 0x00, 0x00, 0x00, 0x00, 0x00, 0x00, 0x00, 0x00, 0x00, 0x00, 0x00, 0x00,
    0x00, 0x00, 0x00, 0x00, 0x00, 0x00, 0x00, 0x00, 0x00, 0x00, 0x00, 0x00, 0x00, 0x00, 0x00, 0x00,
    0x00, 0x00, 0x00, 0x00, 0x00, 0x00, 0x00, 0x00, 0x00, 0x00, 0x00, 0x00, 0x00, 0x00, 0x00, 0x00,
    0x00, 0x00, 0x00, 0x00, 0x00, 0x00, 0x00, 0x00, 0x00, 0x00, 0x00, 0x00, 0x00, 0x00, 0x00, 0x00,
    0x00, 0x00, 0x00, 0x00, 0x00, 0x00, 0x00, 0x00, 0x00, 0x00, 0x00, 0x00, 0x00, 0x00, 0x00, 0x00,
    0x00, 0x00, 0x00, 0x00, 0x00, 0x00, 0x00, 0x00, 0x00, 0x00, 0x00, 0x00, 0x00, 0x00, 0x00, 0x00,
    0x00, 0x00, 0x00, 0x00, 0x00, 0x00, 0x00, 0x00, 0x00, 0x00, 0x00, 0x00, 0x00, 0x00, 0x00, 0x00,
    0x00, 0x00, 0x00, 0x00, 0x00, 0x00, 0x00, 0x00, 0x00, 0x00, 0x00, 0x00, 0x00, 0x00, 0x00, 0x00,
    0x00, 0x00, 0x00, 0x00, 0x00, 0x00, 0x00, 0x00, 0x00, 0x00, 0x00, 0x00, 0x00, 0x00, 0x00, 0x00,
    0x00, 0x00, 0x00, 0x00, 0x00, 0x00, 0x00, 0x00, 0x00, 0x00, 0x00, 0x00, 0x00, 0x00, 0x00, 0x00,
    0x00, 0x00, 0x00, 0x00, 0x00, 0x00, 0x00, 0x00, 0x00, 0x00, 0x00, 0x00, 0x00, 0x00, 0x00, 0x00,
    0x00, 0x00, 0x00, 0x00, 0x00, 0x00, 0x00, 0x00, 0x00, 0x00, 0x00, 0x00, 0x00, 0x00, 0x00, 0x00,
    0x00, 0x00, 0x00, 0x00, 0x00, 0x00, 0x00, 0x00, 0x00, 0x00, 0x00, 0x00, 0x00, 0x00, 0x00, 0x00,
    0x00, 0x00, 0x00, 0x00, 0x00, 0x00, 0x00, 0x00, 0x00, 0x00, 0x00, 0x00, 0x00, 0x00, 0x00, 0x00,
    0x00, 0x00, 0x00, 0x00, 0x00, 0x00, 0x00, 0x00, 0x00, 0x00, 0x00, 0x00, 0x00, 0x00, 0x00, 0x00,
    0x00, 0x00, 0x00, 0x00, 0x00, 0x00, 0x00, 0x00, 0x00, 0x00, 0x00, 0x00, 0x00, 0x00, 0x00, 0x00,
    0x00, 0x00, 0x00, 0x00, 0x00, 0x00, 0x00, 0x00, 0x00, 0x00, 0x00, 0x00, 0x00, 0x00, 0x00, 0x00,
    0x00, 0x00, 0x00, 0x00, 0x00, 0x00, 0x00, 0x00, 0x00, 0x00, 0x00, 0x00, 0x00, 0x00, 0x00, 0x00,
    0x00, 0x00, 0x00, 0x00, 0x00, 0x00, 0x00, 0x00, 0x00, 0x00, 0x00, 0x00, 0x00, 0x00, 0x00, 0x00,
    0x00, 0x00, 0x00, 0x00, 0x00, 0x00, 0x00, 0x00, 0x00, 0x00, 0x00, 0x00, 0x00, 0x00, 0x00, 0x00,
    0x00, 0x00, 0x00, 0x00, 0x00, 0x00, 0x00, 0x00, 0x00, 0x00, 0x00, 0x00, 0x00, 0x00, 0x00, 0x00,
    0x00, 0x00, 0x00, 0x00, 0x00, 0x00, 0x00, 0x00, 0x00, 0x00, 0x00, 0x00, 0x00, 0x00, 0x00, 0x00,
    0x00, 0x00, 0x00, 0x00, 0x00, 0x00, 0x00, 0x00, 0x00, 0x00, 0x00, 0x00, 0x00, 0x00, 0x00, 0x00,
    0x00, 0x00, 0x00, 0x00, 0x00, 0x00, 0x00, 0x00, 0x00, 0x00, 0x00, 0x00, 0x00, 0x00, 0x00, 0x00,
    0x00, 0x00, 0x00, 0x00, 0x00, 0x00, 0x00, 0x00, 0x00, 0x00, 0x00, 0x00, 0x00, 0x00, 0x00, 0x00,
    0x00, 0x00, 0x00, 0x00, 0x00, 0x00, 0x00, 0x00, 0x00, 0x00, 0x00, 0x00, 0x00, 0x00, 0x00, 0x00,
    0x00, 0x00, 0x00, 0x00, 0x00, 0x00, 0x00, 0x00, 0x00, 0x00, 0x00, 0x00, 0x00, 0x00, 0x00, 0x00
};
